Ip,Port,Country,Hostname,ASN
110.77.236.244,8080,TH Thailand null,,CAT TELECOM Public Company Ltd,CAT
186.103.130.91,8080,CL Chile Renca,186-103-130-91.static.tie.cl,Telefonica Empresas
125.209.88.46,8080,PK Pakistan Karachi,em.chunkymonkey.com.pk,Multinet Pakistan Pvt. Ltd.
195.178.33.86,8080,RS Serbia Belgrade,,TELEKOM SRBIJA a.d.
118.97.235.234,8080,ID Indonesia null,,PT Telekomunikasi Indonesia
119.82.241.21,8080,ID Indonesia Surabaya,ip-241-21.datautama.net.id,PT. DATA Utama Dinamika
110.77.134.106,8080,TH Thailand Bangkok,,CAT TELECOM Public Company Ltd,CAT
94.25.15.190,8080,RU Russia Yoshkar-Ola,,Rostelecom
202.69.38.82,8080,PK Pakistan Lahore,,GERRYS INFORMATION TECHNOLOGY PVT LTD.
195.178.56.32,8080,RS Serbia Novi Sad,,TELEKOM SRBIJA a.d.
182.253.26.196,8080,ID Indonesia Slipi,,BIZNET NETWORKS
185.5.223.9,8080,PS Palestinian Territories null,,SpeedClick for Information Technology and Communication Ltd
195.178.56.33,8080,RS Serbia Novi Sad,,TELEKOM SRBIJA a.d.
103.15.60.21,8080,IN India Hyderabad,,Apollo Online Services Pvt ltd
79.120.177.106,8080,HU Hungary Budapest,mail.andapresent.hu,Invitech ICT Services Kft.
192.99.160.45,8080,CA Canada null,ns239535.ip-192-99-160.net,OVH SAS
202.142.158.114,8080,PK Pakistan null,,GERRYS INFORMATION TECHNOLOGY PVT LTD.
110.74.206.134,8080,KH Cambodia null,ezecom.110.74.206.0.134.ezecom.com.kh,EZECOM limited
121.100.19.195,8080,ID Indonesia Slipi,,PT INDONESIA COMNETS PLUS
186.103.130.92,8080,CL Chile Renca,186-103-130-92.static.tie.cl,Telefonica Empresas
139.255.77.74,8080,ID Indonesia Bekasi,ln-static-139-255-77-74.link.net.id,Linknet ASN
186.232.119.58,3128,BR Brazil Claudio,186-232-119-58.rev.plug.net.br,G4 TELECOM COMERCIO E SERVICOS DE INFORMATICA
212.12.69.43,8080,RU Russia Moscow,212.12.69.43.ostankino.ru,Federal State Unitary Enterprise Television Technical Center Ostankino
176.101.177.253,8080,SK Slovakia Topoľčany,,Wircom s.r.o.
186.47.83.126,8080,EC Ecuador Quito,126.83.47.186.static.anycast.cnt-grms.ec,CORPORACION NACIONAL DE TELECOMUNICACIONES - CNT EP
186.47.83.126,80,EC Ecuador Quito,126.83.47.186.static.anycast.cnt-grms.ec,CORPORACION NACIONAL DE TELECOMUNICACIONES - CNT EP
85.159.2.171,8080,UA Ukraine Rivne,85-159-2-171-static.datagroup.ua,Private Joint Stock Company datagroup
186.103.130.93,8080,CL Chile Renca,186-103-130-93.static.tie.cl,Telefonica Empresas
109.248.249.29,8081,RU Russia Labytnangi,,Proftelecom-Service Ltd
183.88.212.184,8080,TH Thailand Chon Buri,mx-ll-183.88.212-184.dynamic.3bb.co.th,Triple T Broadband Public Company Limited
109.248.249.33,8081,RU Russia Labytnangi,,Proftelecom-Service Ltd
186.103.130.94,8080,CL Chile Renca,186-103-130-94.static.tie.cl,Telefonica Empresas
45.64.11.233,8080,IN India Mumbai,,Precious netcom pvt ltd
45.64.11.217,8080,IN India Mumbai,,Precious netcom pvt ltd
202.51.190.202,8080,BD Bangladesh Narayanganj,virgo-rt.adnsl.com,ADN Telecom Ltd.
88.222.187.98,3128,LT Lithuania Kaunas,88-222-187-98.init.lt,UAB INIT
177.124.184.52,8080,BR Brazil Ji Parana,177.124.184.52.ondaagil.net.br,R. Jose da Silva e Cia Ltda - OndaAgil
139.255.72.220,8080,ID Indonesia Jakarta,ln-static-139-255-72-220.link.net.id,Linknet ASN
183.88.54.66,8080,TH Thailand Thep Sathit,mx-ll-183.88.54-66.dynamic.3bb.co.th,Triple T Broadband Public Company Limited
219.94.129.37,7777,JP Japan null,www1027.sakura.ne.jp,SAKURA Internet Inc.
176.115.197.118,8080,RU Russia Moscow,,UnitTelecom Ltd
134.0.63.134,8000,AL Albania Tirana,eservices.zrpp.gov.al,Agjencia Kombetare Shoqerise se Informacionit
200.16.208.187,8080,AR Argentina null,host187.advance.com.ar,Telefonica de Argentina
154.73.159.10,8585,ZA South Africa Kempton Park,,SkyWire
160.226.132.33,8080,ZA South Africa Gansbaai,wireless.tchfibre.co.za,The-Computer-Hut-AS
81.91.24.170,8080,YE Yemen Sanaa,,Public Telecommunication Corporation
221.217.51.149,9000,CN China Beijing,,China Unicom Beijing Province Network
103.247.121.114,8080,ID Indonesia Jakarta,ipv4-114-121-247.as55666.net,PT Media Sarana Data
200.149.19.130,8080,BR Brazil Saquarema,,Telemar Norte Leste S.A.
177.202.59.58,8080,BR Brazil Sao Gabriel Do Oeste,,BRASIL TELECOM COMUNICACAO MULTIMIDIA S.A
187.6.108.42,8080,BR Brazil Brasília,,BRASIL TELECOM COMUNICACAO MULTIMIDIA S.A
103.247.121.115,8080,ID Indonesia Jakarta,ipv4-115-121-247.as55666.net,PT Media Sarana Data
203.81.95.42,8080,MM Myanmar null,,Myanma Posts and Telecommunications
200.13.152.63,8080,BO Bolivia null,,Entel S.A. - EntelNet
200.13.154.25,8080,BO Bolivia null,,Entel S.A. - EntelNet
178.212.196.177,9999,UA Ukraine Odessa,,Southern Telecommunication Company Ltd.
91.214.31.234,8080,UA Ukraine Zaporizhzhya,,TOV Telza
113.53.61.172,8080,TH Thailand Chanthaburi,node-c6k.pool-113-53.dynamic.totinternet.net,TOT Public Company Limited
200.13.154.97,8080,BO Bolivia null,,Entel S.A. - EntelNet
175.101.85.33,8080,IN India Mangalagiri,static33.excell.175.101.85.33,Excellmedia
175.101.80.136,8080,IN India Mangalagiri,static136.excell.175.101.80.136,Excellmedia
200.13.154.1,8080,BO Bolivia null,,Entel S.A. - EntelNet
175.101.85.65,8080,IN India Mangalagiri,static65.excell.175.101.85.65,Excellmedia
200.13.154.45,8080,BO Bolivia null,,Entel S.A. - EntelNet
175.101.85.129,8080,IN India Mangalagiri,static129.excell.175.101.85.129,Excellmedia
113.53.60.69,8080,TH Thailand Chanthaburi,node-bwl.pool-113-53.dynamic.totinternet.net,TOT Public Company Limited
103.42.162.5,8080,IN India Mumbai,50-162-42-103.intechonline.net,Intech Online Private Limited
200.13.154.101,8080,BO Bolivia null,,Entel S.A. - EntelNet
103.216.144.201,8080,IN India Mumbai,,Intech Online Private Limited
190.120.248.62,8080,VE Venezuela Valencia,190-120-248-62.tvcablelitoral.com,CORPORACION FIBEX TELECOM, C.A.
212.92.204.54,80,HR Croatia Zagreb,,A1 Hrvatska d.o.o.
103.59.213.29,8080,IN India Pune,,Intech Online Private Limited
175.101.80.145,8080,IN India Mangalagiri,static145.excell.175.101.80.145,Excellmedia
43.241.131.97,8080,IN India Mumbai,97-131-241-43.intechonline.net,Intech Online Private Limited
212.92.204.54,8080,HR Croatia Zagreb,,A1 Hrvatska d.o.o.
189.90.255.208,3128,BR Brazil Itabira,ip-189-90-255-208.isp.valenet.com.br,Companhia Itabirana Telecomunicacoes Ltda
181.188.166.82,8080,BO Bolivia Santa Cruz,LPZ-181-188-166-00082.tigo.bo,Telefonica Celular de Bolivia S.A.
63.151.67.7,8080,US United States Hayden,63-151-67-7.zirkelwireless.com,VISIONARY
110.49.11.50,8080,TH Thailand Bang Yai,,SBN-ISPAWN-ISP and SBN-NIXAWN-NIX
103.15.60.23,8080,IN India Hyderabad,,Apollo Online Services Pvt ltd
74.82.50.155,3128,US United States Salina,,HURRICANE
81.29.245.164,3128,IR Iran Karaj,int0.client.access.fanaptelecom.net,Tose'h Fanavari Ertebabat Pasargad Arian Co. PJS
80.87.213.111,8080,SK Slovakia Námestovo,1106.111.cus.dsidata.sk,DSI DATA, a. s.
80.87.213.45,8080,SK Slovakia Námestovo,1106.045.cus.dsidata.sk,DSI DATA, a. s.
80.87.217.6,8080,SK Slovakia Žilina,1110.006.cus.dsidata.sk,DSI DATA, a. s.
36.37.81.135,8080,ID Indonesia Slipi,,PT Aplikanusa Lintasarta
185.108.141.49,8080,BG Bulgaria Sofia,host.netx.bg,Ng Ltd
193.110.115.220,3128,UA Ukraine Kramatorsk,cable-home-193-110-115-220.dru.net.ua,SATELIT SERVIS Ltd
185.108.141.114,8080,BG Bulgaria Sofia,host.netx.bg,Ng Ltd
46.0.203.186,8080,RU Russia Samara,46x0x203x186.static-customer.samara.ertelecom.ru,JSC ER-Telecom Holding
103.55.33.59,8080,ID Indonesia null,,UIN Sunan Gunung Djati Bandung
58.65.179.229,8080,PK Pakistan Rawalpindi,mbl-65-179-229.dsl.net.pk,Nayatel Pvt Ltd
50.246.120.125,8080,US United States Washington,50-246-120-125-static.hfc.comcastbusiness.net,COMCAST-7922
103.218.102.162,8080,IN India Khed,,Intech Online Private Limited
77.38.21.239,8080,SI Slovenia Smartno pri Slovenj Gradcu,77-38-21-239.dynamic.telemach.net,Telemach UG d.o.o.
185.108.141.74,8080,BG Bulgaria Sofia,host.netx.bg,Ng Ltd
103.216.82.37,6666,IN India Balicha,,Gujarat Telelink Pvt Ltd
14.20.235.42,808,CN China Guangzhou,,Chinanet
103.114.10.250,8080,BD Bangladesh Chittagong,,Space Walker
203.192.217.11,8080,IN India Mumbai,dhcp-192-217-11.in2cable.com,ONEOTT INTERTAINMENT LIMITED
139.59.88.145,8888,India, Bengaluru,649,HTTP,Elite,44,4% (4),OK,2 minutes
40.129.203.4,8080,US,United States,elite proxy,no,yes,11 secs ago
151.181.91.10,80,US,United States,elite proxy,no,yes,11 secs ago
49.0.2.242,8090,ID,Indonesia,elite proxy,no,yes,11 secs ago
116.58.254.207,8080,TH,Thailand,elite proxy,no,yes,10 mins ago
23.224.33.106,20354,US,United States,elite proxy,no,yes,10 mins ago
110.238.74.184,8080,MX,Mexico,elite proxy,,yes,30 mins ago
213.230.97.98,3128,UZ,Uzbekistan,elite proxy,,yes,30 mins ago
163.116.131.129,8080,US,United States,elite proxy,no,yes,30 mins ago
213.230.66.38,8080,UZ,Uzbekistan,elite proxy,,yes,50 mins ago
8.209.68.1,8080,DE,Germany,elite proxy,,yes,50 mins ago
103.161.122.151,30152,VN,Vietnam,elite proxy,no,yes,1 hour ago
190.162.91.197,3128,CL,Chile,elite proxy,yes,yes,1 hour ago
85.25.246.206,8646,FR,France,elite proxy,no,yes,1 hour 10 mins ago
85.60.193.39,55443,ES,Spain,elite proxy,,yes,1 hour 20 mins ago
143.198.182.218,80,US,United States,elite proxy,no,yes,2 hours 10 mins ago
115.75.70.79,4100,VN,Vietnam,elite proxy,,yes,2 hours 10 mins ago
174.138.16.96,8888,SG,Singapore,elite proxy,no,yes,2 hours 20 mins ago
121.181.106.107,8000,KR,South Korea,elite proxy,yes,yes,2 hours 30 mins ago
80.66.81.40,8080,UA,Ukraine,elite proxy,no,yes,2 hours 30 mins ago
209.97.152.208,8888,US,United States,anonymous,no,yes,2 hours 30 mins ago
93.191.96.4,3128,BY,Belarus,elite proxy,no,yes,2 hours 40 mins ago
116.0.61.122,3128,PK,Pakistan,elite proxy,no,yes,2 hours 50 mins ago
198.52.97.210,59394,US,United States,elite proxy,no,yes,2 hours 50 mins ago
5.189.184.6,80,DE,Germany,elite proxy,no,yes,2 hours 50 mins ago
185.237.99.218,61443,GB,United Kingdom,elite proxy,no,yes,2 hours 50 mins ago
193.141.65.48,808,IR,Iran,elite proxy,,yes,2 hours 50 mins ago
157.100.12.138,999,EC,Ecuador,anonymous,yes,yes,2 hours 51 mins ago
149.129.239.170,8080,ID,Indonesia,elite proxy,,yes,2 hours 51 mins ago
145.40.121.89,3128,BR,Brazil,anonymous,no,yes,2 hours 52 mins ago
190.107.233.226,999,EC,Ecuador,anonymous,no,yes,2 hours 52 mins ago
122.155.165.191,3128,TH,Thailand,anonymous,no,yes,2 hours 52 mins ago
45.181.224.90,999,VE,Venezuela,anonymous,no,yes,2 hours 52 mins ago
105.112.191.250,3128,NG,Nigeria,anonymous,no,yes,2 hours 52 mins ago
85.214.192.65,3128,DE,Germany,anonymous,no,yes,2 hours 52 mins ago
14.139.182.12,3128,IN,India,anonymous,no,yes,2 hours 52 mins ago
103.169.238.193,8080,ID,Indonesia,anonymous,no,yes,2 hours 52 mins ago
5.58.110.249,8080,UA,Ukraine,elite proxy,no,yes,3 hours 1 min ago
193.122.71.184,3128,SA,Saudi Arabia,anonymous,no,yes,3 hours 20 mins ago
45.56.83.46,8012,US,United States,elite proxy,no,yes,4 hours 1 min ago
187.130.139.197,8080,MX,Mexico,elite proxy,no,yes,4 hours 1 min ago
222.252.156.61,62694,VN,Vietnam,elite proxy,,yes,4 hours 40 mins ago
213.241.205.2,8080,RU,Russian Federation,anonymous,yes,yes,4 hours 40 mins ago
204.185.204.64,8080,US,United States,elite proxy,no,yes,5 hours 10 mins ago
155.4.244.133,80,SE,Sweden,anonymous,no,yes,5 hours 30 mins ago
172.104.241.29,8081,DE,Germany,elite proxy,no,yes,5 hours 40 mins ago
109.194.144.74,8111,RU,Russian Federation,anonymous,no,yes,5 hours 41 mins ago
111.225.153.115,8089,CN,China,anonymous,,yes,6 hours ago
91.108.137.82,8080,IR,Iran,elite proxy,yes,yes,6 hours 10 mins ago
116.203.199.47,8080,DE,Germany,elite proxy,no,yes,6 hours 50 mins ago
24.156.195.18,8080,CA,Canada,elite proxy,no,yes,7 hours 10 mins ago
217.146.217.178,3128,IR,Iran,anonymous,,yes,7 hours 10 mins ago
209.97.173.38,42325,SG,Singapore,elite proxy,yes,yes,7 hours 20 mins ago
94.103.85.88,9300,RU,Russian Federation,elite proxy,no,yes,7 hours 50 mins ago
1.255.134.136,3128,KR,South Korea,anonymous,no,yes,8 hours 5 mins ago
210.212.227.68,3128,IN,India,anonymous,no,yes,8 hours 5 mins ago
14.140.131.82,3128,IN,India,anonymous,no,yes,8 hours 5 mins ago
205.134.235.132,3129,US,United States,anonymous,no,yes,8 hours 5 mins ago
146.56.118.144,7890,KR,South Korea,elite proxy,no,yes,8 hours 30 mins ago
213.241.205.1,8080,RU,Russian Federation,anonymous,yes,yes,8 hours 40 mins ago
185.15.172.212,3128,RU,Russian Federation,elite proxy,no,yes,8 hours 50 mins ago
212.46.230.102,6969,RU,Russian Federation,elite proxy,,yes,8 hours 50 mins ago
45.79.90.143,44554,US,United States,elite proxy,,yes,9 hours 20 mins ago
220.132.114.1,57890,TW,Taiwan,elite proxy,no,yes,10 hours 11 mins ago
147.91.21.31,80,RS,Serbia,elite proxy,no,yes,10 hours 30 mins ago
38.117.65.149,8080,US,United States,anonymous,no,yes,10 hours 30 mins ago
159.89.132.167,8989,US,United States,anonymous,yes,yes,10 hours 40 mins ago
167.172.173.210,36763,DE,Germany,elite proxy,no,yes,10 hours 50 mins ago
37.112.57.47,8080,RU,Russian Federation,elite proxy,no,yes,11 hours ago
157.100.53.100,999,EC,Ecuador,anonymous,no,yes,11 hours 4 mins ago
182.253.109.143,8080,ID,Indonesia,anonymous,no,yes,11 hours 4 mins ago
217.147.172.65,8118,PL,Poland,anonymous,no,yes,11 hours 4 mins ago
194.5.188.248,3128,IR,Iran,anonymous,no,yes,11 hours 4 mins ago
181.129.49.214,999,CO,Colombia,anonymous,no,yes,11 hours 4 mins ago
181.176.211.168,8080,PE,Peru,anonymous,no,yes,11 hours 4 mins ago
154.236.177.120,8080,EG,Egypt,anonymous,no,yes,11 hours 4 mins ago
185.73.203.66,3128,TR,Turkey,anonymous,no,yes,11 hours 4 mins ago
96.95.164.41,3128,US,United States,anonymous,no,yes,11 hours 4 mins ago
180.183.118.16,8213,TH,Thailand,anonymous,yes,yes,11 hours 10 mins ago
92.205.22.114,38080,FR,France,anonymous,no,yes,12 hours 51 mins ago
139.59.228.95,8118,SG,Singapore,elite proxy,no,yes,13 hours ago
36.90.106.240,3128,ID,Indonesia,elite proxy,yes,yes,13 hours 20 mins ago
45.33.12.251,8080,US,United States,elite proxy,no,yes,14 hours 11 mins ago
45.56.75.90,5344,US,United States,elite proxy,no,yes,14 hours 11 mins ago
45.79.158.235,44554,US,United States,elite proxy,,yes,14 hours 20 mins ago
45.79.208.64,44554,US,United States,elite proxy,,yes,14 hours 20 mins ago
114.116.2.116,8001,CN,China,anonymous,no,yes,14 hours 40 mins ago
110.238.109.146,8080,SG,Singapore,elite proxy,no,yes,16 hours 20 mins ago
193.205.186.103,80,IT,Italy,anonymous,no,yes,17 hours 40 mins ago
183.89.114.182,8080,TH,Thailand,anonymous,yes,yes,17 hours 51 mins ago
201.71.2.41,999,VE,Venezuela,anonymous,no,yes,17 hours 55 mins ago
124.122.114.117,8080,TH,Thailand,anonymous,no,yes,17 hours 55 mins ago
45.167.95.145,999,MX,Mexico,anonymous,no,yes,17 hours 55 mins ago
45.189.118.74,999,PE,Peru,anonymous,no,yes,17 hours 55 mins ago
145.40.121.73,3128,BR,Brazil,anonymous,no,yes,17 hours 55 mins ago
38.10.246.78,999,DO,Dominican Republic,anonymous,no,yes,17 hours 55 mins ago
45.77.223.77,3128,US,United States,elite proxy,no,yes,18 hours 40 mins ago
181.129.138.114,30838,CO,Colombia,anonymous,,yes,20 hours 10 mins ago
120.28.139.232,8080,PH,Philippines,anonymous,,yes,20 hours 10 mins ago
54.227.166.124,3128,US,United States,elite proxy,yes,yes,20 hours 40 mins ago
161.82.183.156,80,TH,Thailand,anonymous,no,yes,22 hours 4 mins ago
81.214.28.248,8111,HTTP
37.187.133.177,55573,HTTP
110.78.148.55,4145,HTTP
206.176.202.122,8111,HTTP
117.160.250.132,8080,HTTP
85.105.35.60,8111,HTTP
209.213.31.196,8111,HTTP
50.199.46.20,32100,HTTP
67.201.33.10,25283,HTTP
58.17.24.162,9091,HTTP
14.139.121.104,8111,HTTP
78.189.54.52,8111,HTTP
209.55.86.208,8111,HTTP
58.152.94.17,8081,HTTP
178.151.134.232,5678,HTTP
54.36.230.214,8080,HTTP
104.203.165.242,8111,HTTP
186.251.255.249,31337,HTTP
103.82.227.22,3128,HTTP
202.43.112.37,4145,HTTP
1.116.248.11,80,HTTP
98.188.47.132,4145,HTTP
180.211.193.18,4153,HTTP
103.52.134.97,8080,HTTP
173.248.4.95,8111,HTTP
182.150.46.26,7890,HTTP
173.248.10.79,8111,HTTP
1.116.202.121,80,HTTP
70.181.115.94,8111,HTTP
81.4.167.122,8111,HTTP
185.79.241.34,42756,HTTP
203.89.126.250,80,HTTP
187.188.131.169,1080,HTTP
5.178.52.59,1080,HTTP
72.210.221.223,4145,HTTP
164.52.197.203,80,HTTP
212.126.5.246,42344,HTTP
66.44.187.135,8111,HTTP
37.18.73.94,5566,HTTP
70.166.167.55,57745,HTTP
167.99.12.224,45241,HTTP
89.216.120.176,4153,HTTP
193.122.127.14,50468,HTTP
148.74.59.99,8111,HTTP
73.113.111.76,8111,HTTP
85.99.253.213,8111,HTTP
50.47.189.185,8111,HTTP
129.126.102.10,4153,HTTP
104.37.135.145,4145,HTTP
182.160.109.214,42908,HTTP
88.247.179.169,8111,HTTP
103.68.182.89,8009,HTTP
200.170.175.133,8081,HTTP
103.117.192.14,80,HTTP
192.111.137.37,18762,HTTP
94.181.33.149,40840,HTTP
202.150.151.138,5678,HTTP
193.3.20.13,80,HTTP
114.225.253.20,2829,HTTP
45.228.147.209,5678,HTTP
103.144.18.67,8082,HTTP
185.75.110.50,43837,HTTP
107.139.143.78,8111,HTTP
137.118.214.216,8111,HTTP
98.162.96.52,4145,HTTP
14.139.181.248,8111,HTTP
170.84.48.118,55731,HTTP
14.139.54.243,8111,HTTP
103.41.35.146,8111,HTTP
66.203.129.235,8111,HTTP
98.175.31.195,4145,HTTP
202.183.155.242,4153,HTTP
104.37.140.12,8111,HTTP
176.57.189.116,51083,HTTP
36.94.75.146,8080,HTTP
85.105.180.72,8111,HTTP
218.75.38.154,9091,HTTP
117.160.250.137,8080,HTTP
72.195.114.184,4145,HTTP
123.149.136.127,9999,HTTP
180.176.247.122,80,HTTP
187.210.136.88,4153,HTTP
111.160.204.146,9091,HTTP
192.169.250.203,64859,HTTP
39.170.42.90,9091,HTTP
80.249.112.162,80,HTTP
61.130.151.230,7302,HTTP
58.215.219.2,8000,HTTP
46.47.80.186,5678,HTTP
187.188.107.172,8111,HTTP
73.253.23.24,8111,HTTP
176.124.206.140,1080,HTTP
103.79.155.6,8080,HTTP
102.69.32.1,8080,HTTP
120.197.219.82,9091,HTTP
118.172.47.97,51327,HTTP
96.74.90.1,8111,HTTP
119.90.38.34,7890,HTTP
209.20.136.90,8111,HTTP
117.160.250.131,8081,HTTP
117.160.250.130,81,HTTP
72.195.34.59,4145,HTTP
78.17.55.166,3128,HTTP
62.193.110.132,1976,HTTP
77.238.79.111,8080,HTTP
37.204.157.91,41890,HTTP
176.110.121.90,21776,HTTP
139.59.249.213,44492,HTTP
110.164.3.7,8888,HTTP
103.207.98.54,8080,HTTP
206.176.202.40,8111,HTTP
45.117.228.97,4145,HTTP
106.14.255.124,80,HTTP
103.17.90.6,5678,HTTP
142.93.162.127,19534,HTTP
103.247.55.14,8111,HTTP
104.203.181.2,8111,HTTP
65.214.67.49,6425,HTTP
200.33.152.253,4153,HTTP
202.179.184.35,5430,HTTP
190.15.208.66,8080,HTTP
36.66.155.35,5678,HTTP
64.18.122.172,8111,HTTP
107.178.13.122,8111,HTTP
185.78.11.69,8111,HTTP
192.111.137.34,18765,HTTP
190.61.4.74,37179,HTTP
201.88.18.229,8080,HTTP
138.201.140.90,15976,HTTP
222.252.21.100,5678,HTTP
45.153.22.172,6112,HTTP
103.152.232.123,3125,HTTP
116.58.254.88,4145,HTTP
142.147.114.134,8111,HTTP
74.84.70.250,3128,HTTP
69.58.151.185,8111,HTTP
137.184.104.222,33030,HTTP
83.229.72.174,80,HTTP
109.232.70.118,8111,HTTP
31.173.251.198,40547,HTTP
42.228.61.245,9091,HTTP
195.181.172.226,8080,HTTP
183.87.106.126,23500,HTTP
71.14.23.121,8080,HTTP
183.89.39.254,8081,HTTP
202.152.157.194,3127,HTTP
36.37.251.171,5678,HTTP
45.167.125.61,9992,HTTP
78.186.49.153,8111,HTTP
46.52.130.52,8080,HTTP
45.185.163.19,999,HTTP
117.160.250.137,80,HTTP
94.20.157.202,3128,HTTP
123.182.59.125,8089,HTTP
103.146.170.65,5678,HTTP
103.9.188.193,5678,HTTP
1.246.159.60,8111,HTTP
194.67.118.152,4669,HTTP
185.161.186.133,54321,HTTP
117.160.250.133,81,HTTP
187.189.131.207,8111,HTTP
103.233.152.179,1080,HTTP
200.233.92.222,20183,HTTP
176.122.194.70,8111,HTTP
89.238.212.34,8080,HTTP
169.255.154.26,8111,HTTP
185.216.18.138,44550,HTTP
120.237.144.57,9091,HTTP
51.38.243.248,50733,HTTP
103.142.110.98,8080,HTTP
88.248.49.5,8111,HTTP
36.67.45.71,1086,HTTP
103.245.205.33,35158,HTTP
213.6.210.50,4153,HTTP
103.76.151.90,8080,HTTP
139.59.61.193,48994,HTTP
103.209.230.185,4153,HTTP
1.223.118.13,8111,HTTP
102.164.252.150,8080,HTTP
217.56.67.34,8111,HTTP
115.69.214.66,5678,HTTP
88.250.6.94,8111,HTTP
152.32.215.158,62235,HTTP
221.5.80.66,3128,HTTP
182.160.127.53,48744,HTTP
134.0.63.134,1723,HTTP
192.70.208.33,9080,HTTP
24.246.196.142,8111,HTTP
95.216.224.29,8118,HTTP
124.158.152.138,8081,HTTP
70.171.206.123,8111,HTTP
194.233.84.239,4321,HTTP
202.152.51.44,8080,HTTP
103.94.8.53,5678,HTTP
167.235.254.55,9999,HTTP
1.251.8.169,8111,HTTP
117.160.250.130,9999,HTTP
190.96.97.202,4153,HTTP
103.106.136.67,8111,HTTP
112.133.192.231,5678,HTTP
27.147.144.122,4153,HTTP
185.61.152.137,8080,HTTP
177.64.31.243,5678,HTTP
158.140.185.64,5678,HTTP
178.168.208.4,5678,HTTP
223.99.58.59,7302,HTTP
46.20.115.218,80,HTTP
157.100.26.69,80,HTTP
174.75.211.222,4145,HTTP
58.65.167.165,4145,HTTP
43.255.113.232,8081,HTTP
211.138.6.37,9091,HTTP
36.91.108.142,3128,HTTP
38.2.12.252,8111,HTTP
36.67.237.146,3128,HTTP
185.66.57.104,42647,HTTP
24.249.199.4,4145,HTTP
173.214.141.97,8111,HTTP
43.246.143.250,9999,HTTP
188.237.60.27,1080,HTTP
36.91.17.17,5678,HTTP
91.193.125.123,3629,HTTP
137.118.214.92,8111,HTTP
1.228.194.247,8111,HTTP
111.225.153.154,8089,HTTP
103.140.83.94,4145,HTTP
14.102.27.13,8111,HTTP
206.62.64.34,8080,HTTP
43.255.113.232,8082,HTTP
134.122.22.50,11524,HTTP
158.255.74.133,3128,HTTP
38.49.130.214,999,HTTP
109.228.253.240,8111,HTTP
130.185.74.204,3128,HTTP
110.78.149.13,4145,HTTP
116.203.205.170,19999,HTTP
51.38.32.142,35898,HTTP
88.250.242.126,8111,HTTP
184.178.172.13,15311,HTTP
43.135.154.94,21127,HTTP
184.181.217.206,4145,HTTP
102.219.208.190,5678,HTTP
181.224.207.141,999,HTTP
157.245.1.59,27808,HTTP
113.161.131.43,8111,HTTP
31.46.33.59,53281,HTTP
115.72.206.221,4003,HTTP
216.8.36.88,8111,HTTP
173.212.250.65,38411,HTTP
200.24.207.194,8080,HTTP
182.23.108.163,4153,HTTP
88.247.204.18,8111,HTTP
200.105.215.18,33630,HTTP
187.94.211.214,8080,HTTP
179.107.52.14,4153,HTTP
202.52.13.2,8089,HTTP
182.148.254.81,8081,HTTP
190.107.233.230,999,HTTP
88.255.185.254,8080,HTTP
86.51.157.252,8080,HTTP
191.97.19.158,999,HTTP
202.200.170.238,80,HTTP
103.212.94.253,48434,HTTP
43.239.68.171,3128,HTTP
200.58.212.19,14888,HTTP
112.6.117.178,8085,HTTP
85.195.104.71,80,HTTP
178.35.177.242,3629,HTTP
176.58.114.180,3128,HTTP
14.139.211.229,8111,HTTP
110.78.149.136,4145,HTTP
24.246.37.113,8111,HTTP
198.59.191.234,8080,HTTP
172.105.201.56,19151,HTTP
139.224.228.147,1080,HTTP
159.223.163.18,47926,HTTP
203.109.200.68,5678,HTTP
177.184.67.81,4145,HTTP
177.221.220.136,4145,HTTP
218.158.220.190,8111,HTTP
88.247.217.188,8111,HTTP
196.250.16.24,4145,HTTP
91.205.197.226,8080,HTTP
139.255.97.156,14888,HTTP
184.178.172.14,4145,HTTP
222.165.223.139,41541,HTTP
113.161.212.130,1080,HTTP
51.104.203.226,37300,HTTP
112.78.144.62,4145,HTTP
112.133.240.9,8111,HTTP
117.160.250.137,8081,HTTP
197.246.212.70,3030,HTTP
103.169.186.245,3125,HTTP
103.78.27.44,4145,HTTP
78.189.181.19,8111,HTTP
80.244.231.133,8080,HTTP
45.196.0.43,8080,HTTP
98.170.57.231,4145,HTTP
200.127.19.94,4145,HTTP
203.147.90.140,8080,HTTP
192.111.139.165,4145,HTTP
183.230.198.80,9091,HTTP
218.200.193.144,9091,HTTP
202.147.206.150,3128,HTTP
36.95.177.177,8080,HTTP
157.245.1.59,37954,HTTP
173.212.245.45,19751,HTTP
172.98.161.126,19101,HTTP
20.205.32.51,39149,HTTP
88.247.138.7,56387,HTTP
213.6.36.146,5678,HTTP
88.248.6.34,8111,HTTP
180.178.188.126,8080,HTTP
202.165.47.90,55443,HTTP
179.189.219.98,4145,HTTP
113.160.145.184,1080,HTTP
211.140.252.244,7300,HTTP
209.150.255.182,8111,HTTP
52.37.223.135,80,HTTP
202.53.172.76,5678,HTTP
91.205.72.103,45682,HTTP
200.70.19.83,4153,HTTP
194.233.84.239,80,HTTP
31.161.38.233,8090,HTTP
103.134.79.113,8383,HTTP
160.242.65.161,8111,HTTP
114.79.137.100,8111,HTTP
143.255.179.129,4153,HTTP
103.247.121.116,8080,HTTP
37.17.53.108,3629,HTTP
192.241.249.237,14981,HTTP
174.64.199.79,4145,HTTP
106.122.194.185,8008,HTTP
103.169.24.118,3127,HTTP
184.178.172.5,15303,HTTP
142.93.162.127,44910,HTTP
45.174.168.6,999,HTTP
58.246.58.150,9002,HTTP
112.51.96.118,9091,HTTP
23.95.247.74,25351,HTTP
202.91.77.222,83,HTTP
88.250.210.100,38271,HTTP
37.187.133.177,55480,HTTP
180.235.65.13,80,HTTP
85.114.48.166,5678,HTTP
104.255.76.114,8111,HTTP
183.82.111.56,8111,HTTP
200.24.159.163,999,HTTP
1.116.243.147,9999,HTTP
89.58.45.94,43457,HTTP
103.58.16.106,4145,HTTP
182.253.182.177,5678,HTTP
177.85.205.89,3629,HTTP
197.246.255.203,3030,HTTP
51.104.203.226,33900,HTTP
110.139.128.232,4145,HTTP
121.66.178.59,8111,HTTP
69.163.3.67,8111,HTTP
78.186.163.118,8111,HTTP
45.225.91.65,999,HTTP
103.165.253.129,3125,HTTP
190.61.35.197,8080,HTTP
209.20.136.92,8111,HTTP
41.149.135.34,1080,HTTP
103.165.253.137,3125,HTTP
176.192.70.58,8009,HTTP
114.116.227.173,10010,HTTP
181.48.70.30,4153,HTTP
181.143.224.43,999,HTTP
218.28.98.229,9091,HTTP
200.116.227.98,60515,HTTP
200.76.55.90,999,HTTP
252.125.59.175,80,HTTP
104.251.94.38,32232,HTTP
204.10.182.34,39593,HTTP
49.156.46.126,5678,HTTP
45.70.237.139,4145,HTTP
117.201.241.130,8111,HTTP
184.181.217.213,4145,HTTP
173.212.250.65,34528,HTTP
188.133.188.50,8080,HTTP
88.247.239.88,8111,HTTP
5.9.51.182,1080,HTTP
143.0.124.232,63253,HTTP
98.162.25.23,4145,HTTP
43.129.223.147,38080,HTTP
115.85.93.178,5678,HTTP
104.153.19.204,8111,HTTP
212.154.74.95,8111,HTTP
111.225.153.86,8089,HTTP
124.41.228.210,8111,HTTP
159.65.63.209,8888,HTTP
201.217.246.178,8080,HTTP
62.205.169.74,53281,HTTP
181.143.59.140,4153,HTTP
88.247.24.211,8111,HTTP
117.54.114.97,80,HTTP
113.161.145.229,4153,HTTP
70.177.93.56,8111,HTTP
81.214.55.88,8111,HTTP
43.245.93.241,53805,HTTP
192.252.211.197,14921,HTTP
101.71.154.251,1080,HTTP
103.149.104.161,4153,HTTP
187.190.56.187,8111,HTTP
123.182.58.105,8089,HTTP
181.129.188.98,9090,HTTP
200.24.157.114,999,HTTP
45.189.58.76,9090,HTTP
180.193.216.211,8080,HTTP
177.220.188.213,5678,HTTP
200.80.227.234,4145,HTTP
181.176.221.151,9812,HTTP
201.184.29.124,4145,HTTP
37.236.59.83,8080,HTTP
98.162.25.7,31653,HTTP
38.27.142.208,8111,HTTP
69.61.200.104,36181,HTTP
103.206.226.44,4145,HTTP
192.111.130.2,4145,HTTP
5.58.47.25,3629,HTTP
103.145.162.178,4153,HTTP
212.154.53.178,8111,HTTP
41.79.9.65,8111,HTTP
77.89.251.138,4145,HTTP
31.179.162.78,4153,HTTP
195.123.240.39,58302,HTTP
117.160.250.130,8081,HTTP
116.66.205.50,5678,HTTP
192.252.216.81,4145,HTTP
221.9.17.207,3000,HTTP
78.189.93.155,8111,HTTP
177.93.52.82,999,HTTP
213.14.31.123,35314,HTTP
212.39.114.139,5678,HTTP
201.77.108.225,999,HTTP
117.160.250.131,82,HTTP
95.165.163.188,60103,HTTP
121.182.3.71,8111,HTTP
23.224.33.106,20353,HTTP
144.76.60.58,8118,HTTP
201.163.73.93,55443,HTTP
111.225.152.102,8089,HTTP
181.78.17.44,999,HTTP
192.241.249.237,53884,HTTP
50.30.115.145,8111,HTTP
213.74.178.66,8111,HTTP
161.35.140.31,8888,HTTP
187.188.203.114,8111,HTTP
157.100.58.187,999,HTTP
47.241.61.21,1081,HTTP
5.39.84.56,54324,HTTP
195.168.10.9,28354,HTTP
112.120.41.171,80,HTTP
187.188.82.138,8111,HTTP
170.39.221.48,8111,HTTP
1.20.137.82,32241,HTTP
62.193.68.67,1976,HTTP
103.114.10.33,8080,HTTP
106.105.173.121,1081,HTTP
155.0.181.254,41174,HTTP
138.185.140.61,8111,HTTP
67.55.201.200,8111,HTTP
185.27.44.23,10801,HTTP
110.185.164.20,9091,HTTP
170.239.49.187,8111,HTTP
122.146.95.183,4145,HTTP
113.57.84.39,9091,HTTP
47.95.199.44,80,HTTP
103.242.105.220,8080,HTTP
49.205.173.11,8111,HTTP
179.61.248.36,5127,HTTP
190.107.237.12,999,HTTP
97.90.83.145,8111,HTTP
184.187.42.143,8111,HTTP
198.49.68.80,80,HTTP
89.218.152.146,1080,HTTP
161.97.66.104,21187,HTTP
177.240.27.141,999,HTTP
45.251.34.116,8111,HTTP
59.48.94.90,9091,HTTP
5.39.84.56,49765,HTTP
8.242.190.75,999,HTTP
184.181.217.194,4145,HTTP
72.221.196.157,35904,HTTP
124.158.184.147,8080,HTTP
117.160.250.133,80,HTTP
171.97.35.231,8080,HTTP
221.226.75.86,55443,HTTP
107.178.2.158,8111,HTTP
192.171.119.166,53149,HTTP
5.58.33.187,5678,HTTP
203.84.136.49,7777,HTTP
111.225.153.104,8089,HTTP
103.48.68.37,83,HTTP
103.170.97.17,8080,HTTP
123.182.58.23,8089,HTTP
197.246.10.158,8080,HTTP
188.165.231.180,55654,HTTP
103.74.147.14,83,HTTP
117.160.250.131,9999,HTTP
72.195.34.35,27360,HTTP
50.96.204.7,18351,HTTP
103.76.174.226,8080,HTTP
167.99.201.165,19629,HTTP
51.104.203.226,34800,HTTP
51.38.32.239,59396,HTTP
73.157.47.100,8111,HTTP
181.78.15.105,999,HTTP
123.115.79.235,9000,HTTP
62.244.227.65,4153,HTTP
41.33.3.39,1981,HTTP
139.159.176.147,8090,HTTP
58.210.196.42,7302,HTTP
117.160.250.130,82,HTTP
172.98.161.47,34583,HTTP
103.58.16.233,4145,HTTP
167.99.201.165,44926,HTTP
103.112.234.1,8111,HTTP
103.192.76.36,5678,HTTP
186.103.143.214,4153,HTTP
103.89.62.41,4153,HTTP
103.83.116.122,55443,HTTP
150.129.170.13,44502,HTTP
92.246.119.82,8111,HTTP
186.119.118.45,8082,HTTP
138.122.147.122,8080,HTTP
173.212.250.65,22381,HTTP
175.139.199.245,8111,HTTP
79.175.176.8,1080,HTTP
179.97.193.250,4153,HTTP
159.223.173.116,53936,HTTP
187.216.144.170,5678,HTTP
103.169.186.9,3125,HTTP
91.150.77.58,54037,HTTP
206.128.68.65,8111,HTTP
212.50.99.125,8111,HTTP
185.171.54.34,4153,HTTP
104.203.173.59,8111,HTTP
109.233.18.242,8111,HTTP
27.147.193.190,1080,HTTP
206.176.212.178,8111,HTTP
117.20.56.203,4145,HTTP
139.162.11.45,39205,HTTP
73.150.87.191,8111,HTTP
139.59.230.221,5000,HTTP
73.164.231.19,8111,HTTP
159.89.165.90,52418,HTTP
78.187.220.49,8111,HTTP
64.18.112.105,8111,HTTP
103.156.233.132,3125,HTTP
176.192.70.58,8027,HTTP
177.207.192.137,4145,HTTP
51.104.203.226,34700,HTTP
195.168.10.9,11006,HTTP
176.118.50.236,53281,HTTP
185.221.237.8,1080,HTTP
81.16.245.179,53281,HTTP
185.125.169.24,8118,HTTP
158.69.212.254,80,HTTP
181.209.96.229,4153,HTTP
103.65.212.150,8085,HTTP
41.188.149.73,80,HTTP
45.191.130.188,45005,HTTP
113.161.174.60,8111,HTTP
66.76.140.239,39593,HTTP
216.215.126.106,48324,HTTP
103.1.105.10,4153,HTTP
36.92.147.99,8080,HTTP
49.0.32.2,8080,HTTP
218.6.173.81,443,HTTP
208.98.162.221,8111,HTTP
115.127.122.100,8080,HTTP
192.69.120.74,8111,HTTP
137.220.56.124,10070,HTTP
188.133.173.21,8080,HTTP
24.107.252.122,8111,HTTP
47.95.254.71,80,HTTP
78.189.224.13,8111,HTTP
154.113.69.126,5678,HTTP
35.239.93.186,80,HTTP
109.207.105.200,6969,HTTP
13.208.211.148,5000,HTTP
202.43.72.201,8080,HTTP
73.195.15.234,8111,HTTP
117.160.250.131,81,HTTP
192.169.250.203,11678,HTTP
70.163.6.199,8111,HTTP
209.234.183.246,8111,HTTP
39.109.124.65,8080,HTTP
170.80.91.12,4145,HTTP
190.107.232.138,999,HTTP
223.84.240.36,9091,HTTP
103.134.239.210,5678,HTTP
5.195.40.27,8080,HTTP
103.172.70.27,81,HTTP
72.206.181.103,4145,HTTP
110.93.13.47,45034,HTTP
66.175.219.38,31735,HTTP
112.54.41.177,9091,HTTP
67.219.113.2,8111,HTTP
202.61.251.201,9097,HTTP
96.11.22.188,8111,HTTP
91.202.72.105,8080,HTTP
99.56.147.242,56250,HTTP
91.106.65.107,9812,HTTP
58.27.59.249,80,HTTP
183.237.47.54,9091,HTTP
103.112.44.26,8080,HTTP
36.93.199.115,5678,HTTP
190.195.225.34,8080,HTTP
170.80.76.42,8089,HTTP
2.179.193.146,80,HTTP
185.6.10.141,10052,HTTP
184.178.172.28,15294,HTTP
138.68.109.12,62662,HTTP
51.104.203.226,37500,HTTP
185.189.186.19,1080,HTTP
205.215.254.31,8111,HTTP
138.0.126.235,6666,HTTP
58.20.184.187,9091,HTTP
165.232.149.87,8888,HTTP
73.193.196.52,8111,HTTP
68.108.135.241,8111,HTTP
38.125.89.134,54075,HTTP
177.91.76.34,4153,HTTP
200.116.198.222,9812,HTTP
81.17.94.50,34300,HTTP
103.200.135.228,4145,HTTP
102.23.239.218,5678,HTTP
112.98.126.100,33421,HTTP
167.99.12.224,57036,HTTP
184.181.217.201,4145,HTTP
183.233.169.226,9091,HTTP
161.97.126.151,3128,HTTP
74.221.50.245,8111,HTTP
128.90.145.79,8118,HTTP
117.160.250.132,81,HTTP
24.192.199.173,8111,HTTP
146.190.224.4,8888,HTTP
201.150.119.32,999,HTTP
162.223.88.90,3128,HTTP
208.102.51.6,58208,HTTP
174.64.199.82,4145,HTTP
201.222.45.40,999,HTTP
89.208.219.121,8080,HTTP
41.184.212.3,4153,HTTP
104.251.81.87,14778,HTTP
202.180.20.114,1080,HTTP
45.126.168.81,4145,HTTP
202.21.109.139,1012,HTTP
92.60.190.22,59816,HTTP
79.175.177.76,8001,HTTP
156.200.116.74,1981,HTTP
6.116.224.245,80,HTTP
188.127.224.46,18609,HTTP
202.131.112.18,8111,HTTP
49.51.69.212,21127,HTTP
24.246.212.106,8111,HTTP
65.108.152.50,10022,HTTP
182.140.239.6,8008,HTTP
71.229.211.84,8111,HTTP
59.44.203.138,9091,HTTP
157.245.1.59,44131,HTTP
83.193.60.153,3128,HTTP
72.195.34.58,4145,HTTP
187.102.149.158,8111,HTTP
90.84.17.133,3128,HTTP
49.156.38.126,5678,HTTP
192.111.138.29,4145,HTTP
123.182.58.218,8089,HTTP
69.71.34.101,8111,HTTP
187.72.110.82,4153,HTTP
103.7.27.186,8080,HTTP
123.139.118.228,3128,HTTP
98.162.25.4,31654,HTTP
213.6.99.106,8080,HTTP
173.241.235.195,8111,HTTP
188.166.15.142,31893,HTTP
185.208.172.248,9051,HTTP
41.188.149.79,80,HTTP
103.74.147.26,80,HTTP
183.82.1.59,8111,HTTP
173.212.245.45,39071,HTTP
36.94.2.138,8080,HTTP
89.46.238.226,8080,HTTP
45.91.186.253,8080,HTTP
72.206.181.97,64943,HTTP
212.129.15.88,8080,HTTP
177.125.162.98,4145,HTTP
142.93.162.127,26601,HTTP
203.142.69.67,8080,HTTP
85.198.151.178,1080,HTTP
103.138.71.89,3125,HTTP
111.118.150.193,53824,HTTP
157.245.1.59,40333,HTTP
31.146.216.246,8080,HTTP
185.142.43.217,8080,HTTP
164.92.205.28,9050,HTTP
103.5.63.210,40544,HTTP
120.196.186.248,9091,HTTP
192.190.156.3,8111,HTTP
207.5.53.128,8111,HTTP
36.89.85.49,5678,HTTP
87.246.54.221,8888,HTTP
77.46.138.33,33608,HTTP
200.123.2.171,3128,HTTP
73.94.8.123,8111,HTTP
122.54.112.219,8080,HTTP
112.49.34.128,9091,HTTP
38.125.89.173,32725,HTTP
92.42.248.130,8888,HTTP
91.186.102.169,8082,HTTP
82.103.118.42,1099,HTTP
138.197.66.68,47841,HTTP
139.9.62.22,80,HTTP
183.220.6.198,9091,HTTP
109.233.21.54,8111,HTTP
42.180.255.50,2080,HTTP
103.112.44.100,5678,HTTP
72.196.147.214,8111,HTTP
112.44.126.88,9091,HTTP
91.194.239.122,5678,HTTP
250.29.21.227,8080,HTTP
81.214.22.150,8111,HTTP
223.100.178.167,9091,HTTP
5.189.146.59,17909,HTTP
190.145.182.6,4153,HTTP
117.160.250.130,8080,HTTP
140.227.61.156,23456,HTTP
46.173.35.229,3629,HTTP
41.65.168.45,1981,HTTP
38.125.97.181,54075,HTTP
181.40.78.18,3128,HTTP
195.149.196.135,1080,HTTP
36.91.98.115,8181,HTTP
72.210.221.197,4145,HTTP
195.191.13.12,5678,HTTP
209.20.136.6,8111,HTTP
187.72.4.43,8111,HTTP
103.108.9.213,8080,HTTP
49.205.181.211,8111,HTTP
177.71.77.202,20183,HTTP
111.225.153.214,8089,HTTP
103.78.97.38,8080,HTTP
185.252.28.98,9090,HTTP
206.189.200.62,13110,HTTP
188.255.238.127,8080,HTTP
80.28.208.113,10801,HTTP
121.22.53.166,9091,HTTP
115.159.65.66,7300,HTTP
156.200.116.74,1976,HTTP
47.242.206.86,25503,HTTP
103.161.122.151,30156,HTTP
109.120.218.158,10801,HTTP
137.118.137.54,8111,HTTP
190.120.250.122,999,HTTP
192.111.135.18,18301,HTTP
8.42.71.1,39593,HTTP
190.158.115.126,5678,HTTP
200.8.185.126,4145,HTTP
110.40.166.173,80,HTTP
195.222.107.85,4153,HTTP
103.85.103.1,5678,HTTP
67.43.105.202,8111,HTTP
49.205.181.161,8111,HTTP
13.59.58.111,1080,HTTP
117.160.250.137,81,HTTP
70.39.21.193,8111,HTTP
103.15.56.245,8111,HTTP
50.255.17.229,32100,HTTP
36.67.237.147,3128,HTTP
117.160.250.131,8080,HTTP
143.198.40.24,8888,HTTP
209.166.175.201,8080,HTTP
36.37.71.83,5430,HTTP
73.156.159.136,8111,HTTP
36.92.87.73,5678,HTTP
159.69.153.169,5566,HTTP
142.132.201.115,30206,HTTP
5.187.9.10,8080,HTTP
195.133.49.95,3128,HTTP
77.236.236.38,10000,HTTP
74.207.152.212,8111,HTTP
200.48.212.214,999,HTTP
182.23.108.164,4153,HTTP
182.76.68.234,8111,HTTP
138.201.140.125,15976,HTTP
177.12.118.160,80,HTTP
144.76.99.207,16004,HTTP
176.236.137.226,8111,HTTP
51.254.211.171,7497,HTTP
78.189.226.56,8111,HTTP
188.133.152.247,1256,HTTP
43.249.224.170,83,HTTP
117.54.10.86,2019,HTTP
118.173.230.149,1080,HTTP
118.186.17.243,39665,HTTP
98.188.47.150,4145,HTTP
203.130.18.122,45919,HTTP
142.93.162.127,45757,HTTP
190.11.198.89,4153,HTTP
137.119.14.58,8111,HTTP
120.237.57.83,9091,HTTP
190.120.248.33,4145,HTTP
103.120.175.243,9191,HTTP
61.216.185.88,60808,HTTP
116.118.98.21,5678,HTTP
85.105.24.19,8111,HTTP
188.166.15.142,26070,HTTP
182.160.110.154,9898,HTTP
27.54.59.207,80,HTTP
148.74.41.101,8111,HTTP
190.13.84.34,999,HTTP
202.52.58.42,2121,HTTP
73.111.122.241,8111,HTTP
192.111.130.5,17002,HTTP
184.181.217.220,4145,HTTP
88.250.86.56,8111,HTTP
138.197.66.68,51446,HTTP
43.128.36.71,3389,HTTP
190.68.154.222,999,HTTP
24.247.106.215,8111,HTTP
72.221.232.152,4145,HTTP
72.221.171.135,4145,HTTP
177.38.10.15,8080,HTTP
14.139.239.210,8111,HTTP
202.169.47.108,8080,HTTP
88.249.199.35,8111,HTTP
49.231.0.178,58023,HTTP
1.251.124.147,8111,HTTP
183.82.99.84,8111,HTTP
117.160.250.133,8080,HTTP
12.47.143.130,8111,HTTP
139.224.190.222,8083,HTTP
134.122.58.174,80,HTTP
98.178.72.21,10919,HTTP
201.174.247.70,4145,HTTP
137.118.188.33,8111,HTTP
5.22.154.50,32127,HTTP
167.142.97.101,8111,HTTP
73.120.119.170,8111,HTTP
204.227.195.207,80,HTTP
213.14.19.252,1080,HTTP
168.205.218.73,4145,HTTP
1.249.35.121,8111,HTTP
185.79.243.153,31382,HTTP
201.71.2.112,999,HTTP
114.104.142.58,38801,HTTP
49.48.90.91,5678,HTTP
14.241.39.165,19132,HTTP
115.85.86.114,5678,HTTP
81.214.248.138,8111,HTTP
131.0.246.113,4153,HTTP
120.89.90.218,3125,HTTP
103.74.187.28,8111,HTTP
103.144.230.236,8080,HTTP
1.179.130.201,4153,HTTP
81.163.36.210,42967,HTTP
182.75.9.226,8111,HTTP
46.35.126.49,8111,HTTP
188.132.222.3,8080,HTTP
202.77.121.178,4153,HTTP
173.248.22.144,8111,HTTP
177.12.177.241,4153,HTTP
116.203.158.212,9999,HTTP
192.252.214.20,15864,HTTP
123.182.59.99,8089,HTTP
69.58.156.219,8111,HTTP
177.25.40.146,4343,HTTP
103.58.95.5,8080,HTTP
104.18.23.79,80,HTTP
202.182.117.248,30862,HTTP
95.217.162.240,10801,HTTP
143.44.170.4,8080,HTTP
195.235.97.154,3000,HTTP
78.189.86.22,8111,HTTP
81.214.190.230,8111,HTTP
173.215.8.211,8111,HTTP
190.92.72.242,5678,HTTP
196.202.215.143,5678,HTTP
96.31.221.231,8111,HTTP
184.178.172.11,4145,HTTP
101.51.121.29,4153,HTTP
170.233.148.2,4153,HTTP
216.201.52.248,8111,HTTP
212.69.12.121,1080,HTTP
167.179.80.193,80,HTTP
197.157.195.37,6699,HTTP
116.113.68.130,9091,HTTP
173.18.130.250,8111,HTTP
85.113.140.121,3629,HTTP
36.67.111.221,8080,HTTP
173.212.250.65,53851,HTTP
177.38.13.45,4153,HTTP
103.138.71.25,3125,HTTP
175.100.86.17,8080,HTTP
47.252.4.64,8888,HTTP
157.230.38.184,22902,HTTP
45.129.123.101,4153,HTTP
103.122.202.2,8080,HTTP
45.112.136.214,8111,HTTP
112.78.138.163,5678,HTTP
73.146.217.224,8111,HTTP
47.102.207.157,10800,HTTP
24.246.217.250,8111,HTTP
47.242.151.165,50001,HTTP
164.153.47.111,8111,HTTP
78.187.141.129,8111,HTTP
186.224.225.30,42648,HTTP
103.209.230.129,4153,HTTP
58.82.151.242,8080,HTTP
117.247.191.76,8111,HTTP
177.93.50.106,999,HTTP
60.169.100.211,8089,HTTP
193.45.132.241,3128,HTTP
38.125.94.114,32755,HTTP
45.224.119.16,999,HTTP
95.31.5.29,51528,HTTP
193.106.57.7,33429,HTTP
95.0.60.156,8111,HTTP
62.3.30.26,8080,HTTP
45.149.77.141,7000,HTTP
197.232.47.102,52567,HTTP
190.104.213.175,1080,HTTP
94.181.48.110,1256,HTTP
192.252.209.155,14455,HTTP
119.42.70.130,3128,HTTP
72.217.216.239,4145,HTTP
118.107.44.181,80,HTTP
185.78.16.76,5678,HTTP
103.125.162.134,84,HTTP
149.20.253.40,12551,HTTP
157.245.207.186,8080,HTTP
49.205.176.249,8111,HTTP
197.232.21.22,36267,HTTP
120.82.174.128,9091,HTTP
104.36.74.159,8111,HTTP
195.177.217.131,26989,HTTP
16.162.55.201,80,HTTP
75.97.247.250,8111,HTTP
46.21.240.185,1080,HTTP
117.160.250.133,8081,HTTP
192.169.250.203,9565,HTTP
51.104.203.226,37200,HTTP
152.32.78.24,4145,HTTP
174.96.33.63,8111,HTTP
129.205.246.105,5678,HTTP
72.221.232.155,4145,HTTP
49.51.74.61,21127,HTTP
82.200.55.38,4145,HTTP
73.237.191.10,8111,HTTP
103.47.216.19,4145,HTTP
67.246.26.91,8111,HTTP
200.79.179.177,8080,HTTP
123.182.58.205,8089,HTTP
72.46.201.90,8111,HTTP
94.72.61.46,1080,HTTP
157.230.34.219,3128,HTTP
41.58.169.214,5678,HTTP
103.123.234.106,8080,HTTP
121.52.71.23,80,HTTP
66.96.206.90,8111,HTTP
113.23.237.130,8888,HTTP
143.55.62.210,8111,HTTP
177.10.84.121,4145,HTTP
36.89.212.251,8080,HTTP
165.16.0.57,1981,HTTP
112.215.33.113,3629,HTTP
24.240.20.73,8111,HTTP
192.111.139.162,4145,HTTP
158.255.249.58,60175,HTTP
164.132.67.217,32553,HTTP
117.160.250.132,9999,HTTP
51.104.203.226,34600,HTTP
180.156.203.60,8001,HTTP
103.4.118.130,5678,HTTP
85.132.29.134,8080,HTTP
158.69.122.75,45542,HTTP
171.34.53.2,9091,HTTP
212.50.19.150,4153,HTTP
69.26.5.72,8111,HTTP
121.199.2.140,3128,HTTP
12.187.55.1,39593,HTTP
162.250.213.252,8111,HTTP
152.231.25.195,60080,HTTP
72.195.34.60,27391,HTTP
51.104.203.226,33800,HTTP
85.132.8.219,4153,HTTP
36.92.85.66,8080,HTTP
175.11.229.219,8880,HTTP
159.203.114.105,18931,HTTP
96.46.215.91,8111,HTTP
203.142.68.210,5678,HTTP
103.79.223.60,8111,HTTP
176.88.215.100,8111,HTTP
88.87.72.134,4145,HTTP
38.94.34.132,17493,HTTP
161.49.90.70,1337,HTTP
192.252.220.92,17328,HTTP
194.67.118.152,1743,HTTP
217.150.213.21,8080,HTTP
80.106.247.145,53410,HTTP
116.202.192.102,28618,HTTP
190.8.38.83,999,HTTP
143.255.178.129,4153,HTTP
195.177.217.131,47839,HTTP
157.245.1.59,2667,HTTP
222.165.223.138,41541,HTTP
119.18.34.100,8111,HTTP
65.169.38.73,26592,HTTP
45.70.236.123,999,HTTP
187.209.5.132,8080,HTTP
182.16.171.42,51459,HTTP
109.111.251.158,6666,HTTP
157.100.53.108,999,HTTP
103.164.56.122,8080,HTTP
190.107.240.214,1080,HTTP
103.229.83.106,6789,HTTP
37.26.179.230,8111,HTTP
210.61.216.66,33990,HTTP
177.136.34.26,4153,HTTP
69.176.136.146,8111,HTTP
200.35.49.57,42541,HTTP
45.91.93.166,22080,HTTP
81.214.126.203,8111,HTTP
182.23.36.82,4153,HTTP
187.251.107.143,8080,HTTP
117.160.250.163,8080,HTTP
103.90.159.34,8111,HTTP
117.247.174.71,5678,HTTP
192.252.215.5,16137,HTTP
45.48.152.97,8111,HTTP
212.126.5.245,42344,HTTP
194.145.138.52,9090,HTTP
12.88.29.66,9080,HTTP
209.206.101.245,8111,HTTP
157.245.1.59,12313,HTTP
85.105.20.175,8111,HTTP
187.189.252.2,8111,HTTP
103.175.46.126,1080,HTTP
45.190.141.241,1080,HTTP
72.210.252.137,4145,HTTP
193.239.100.19,4153,HTTP
117.160.250.163,80,HTTP
138.185.142.192,8111,HTTP
167.99.201.165,51485,HTTP
84.2.233.239,4153,HTTP
119.18.158.137,8080,HTTP
103.221.254.102,48146,HTTP
190.217.10.12,999,HTTP
178.253.248.146,8888,HTTP
117.160.250.137,82,HTTP
31.31.76.178,5566,HTTP
73.151.211.133,8111,HTTP
170.244.0.179,4145,HTTP
24.249.199.12,4145,HTTP
46.101.103.161,35623,HTTP
188.120.248.106,7497,HTTP
24.53.80.205,8111,HTTP
154.64.217.128,36468,HTTP
196.216.215.117,56975,HTTP
168.149.218.83,8111,HTTP
178.62.227.85,49650,HTTP
181.65.138.243,8080,HTTP
182.253.6.236,8080,HTTP
66.192.13.233,8111,HTTP
185.6.10.231,2978,HTTP
38.123.207.247,999,HTTP
202.43.117.134,4145,HTTP
178.254.174.145,6666,HTTP
177.53.221.89,44196,HTTP
31.41.90.142,1080,HTTP
192.74.246.152,1080,HTTP
157.230.97.17,8888,HTTP
98.181.137.80,4145,HTTP
137.118.184.44,8111,HTTP
103.82.8.237,4153,HTTP
65.108.150.106,9999,HTTP
192.111.135.17,18302,HTTP
184.178.172.18,15280,HTTP
36.94.8.19,4153,HTTP
180.183.25.122,4145,HTTP
89.46.238.108,53281,HTTP
68.1.210.163,4145,HTTP
200.71.109.236,999,HTTP
217.12.203.117,11221,HTTP
201.93.159.234,4145,HTTP
209.141.56.216,10898,HTTP
89.41.106.8,4145,HTTP
170.80.91.14,4145,HTTP
103.159.46.34,84,HTTP
68.71.254.6,4145,HTTP
190.107.233.232,999,HTTP
111.225.152.29,8089,HTTP
98.163.195.152,8111,HTTP
118.136.85.203,5678,HTTP
24.210.175.55,8111,HTTP
194.59.214.115,1080,HTTP
221.132.18.26,8090,HTTP
58.75.126.235,4145,HTTP
151.80.20.26,12111,HTTP
182.23.49.147,4153,HTTP
107.190.119.220,8111,HTTP
66.42.224.229,41679,HTTP
111.225.153.46,8089,HTTP
194.14.85.204,49153,HTTP
66.103.184.137,8111,HTTP
206.190.74.38,8111,HTTP
88.250.211.115,8111,HTTP
185.43.189.182,3629,HTTP
194.14.85.78,49153,HTTP
119.29.40.41,8001,HTTP
180.250.159.49,4153,HTTP
196.251.222.226,8080,HTTP
157.119.222.186,4145,HTTP
175.101.80.138,8080,HTTP
95.9.155.148,8111,HTTP
8.38.239.51,8111,HTTP
91.235.75.17,8282,HTTP
152.231.25.58,8080,HTTP
120.196.188.21,9091,HTTP
117.160.250.137,9999,HTTP
121.4.122.206,35617,HTTP
110.78.149.17,4145,HTTP
45.5.145.164,8090,HTTP
205.164.66.7,4153,HTTP
43.255.113.232,8084,HTTP
70.166.167.38,57728,HTTP
103.4.164.204,8080,HTTP
109.233.216.187,8111,HTTP
118.212.152.82,9091,HTTP
23.242.17.155,8111,HTTP
185.170.233.109,47574,HTTP
134.0.112.21,395,HTTP
96.23.222.159,8111,HTTP
177.38.245.110,55713,HTTP
146.59.243.1,10901,HTTP
112.247.201.2,8060,HTTP
200.106.216.66,63253,HTTP
38.41.53.144,9090,HTTP
125.66.100.112,9091,HTTP
111.225.152.151,8089,HTTP
192.230.140.2,8111,HTTP
195.201.193.207,1080,HTTP
109.94.182.9,4145,HTTP
45.184.155.3,999,HTTP
217.56.67.38,8111,HTTP
103.123.169.177,83,HTTP
45.7.177.186,39867,HTTP
219.143.118.67,80,HTTP
185.117.244.136,9050,HTTP
184.178.172.23,4145,HTTP
167.99.201.165,38924,HTTP
45.224.149.242,999,HTTP
24.170.197.162,8111,HTTP
50.237.98.81,1080,HTTP
41.139.147.86,5678,HTTP
112.11.242.201,9091,HTTP
111.225.153.6,8089,HTTP
88.247.152.139,8111,HTTP
66.97.241.212,8111,HTTP
49.156.39.162,5678,HTTP
98.179.107.56,8111,HTTP
184.178.172.25,15291,HTTP
165.227.199.206,54225,HTTP
176.235.177.9,5432,HTTP
77.238.209.58,5678,HTTP
85.105.195.171,8111,HTTP
185.152.120.23,8111,HTTP
213.230.109.175,5678,HTTP
182.253.247.30,8080,HTTP
191.97.15.194,999,HTTP
175.111.130.15,8111,HTTP
78.188.223.37,8111,HTTP
114.6.88.238,60811,HTTP
88.249.181.195,8111,HTTP
118.172.187.127,8080,HTTP
103.164.190.221,5430,HTTP
182.253.73.130,80,HTTP
190.196.20.166,44907,HTTP
64.57.174.139,8111,HTTP
216.145.142.185,8111,HTTP
152.32.133.21,1080,HTTP
45.249.48.201,4153,HTTP
173.82.245.25,7497,HTTP
103.200.135.226,4145,HTTP
193.84.184.25,5678,HTTP
212.12.24.57,8090,HTTP
103.148.45.167,4145,HTTP
66.129.149.184,8111,HTTP
197.253.30.1,10081,HTTP
36.89.214.20,4480,HTTP
178.216.24.80,55443,HTTP
98.188.187.177,8111,HTTP
173.0.18.121,8111,HTTP
98.162.96.53,10663,HTTP
103.151.214.70,8080,HTTP
84.15.172.68,1080,HTTP
37.32.31.216,8080,HTTP
123.182.59.70,8089,HTTP
181.143.228.106,30673,HTTP
187.95.114.149,8111,HTTP
62.3.41.234,8080,HTTP
150.129.148.46,8111,HTTP
122.3.41.154,8090,HTTP
198.15.5.124,8111,HTTP
181.13.246.138,999,HTTP
45.64.10.188,8111,HTTP
41.77.23.120,5678,HTTP
61.9.53.157,1337,HTTP
190.107.233.235,999,HTTP
31.145.169.114,8111,HTTP
49.229.32.170,4153,HTTP
187.85.6.5,5678,HTTP
119.17.157.35,8111,HTTP
73.82.105.246,8111,HTTP
88.247.114.29,8111,HTTP
9.111.101.70,80,HTTP
117.160.250.132,8081,HTTP
111.225.153.121,8089,HTTP
88.247.167.84,8111,HTTP
51.104.203.226,33600,HTTP
191.97.19.18,999,HTTP
113.161.164.146,8111,HTTP
187.188.85.31,8111,HTTP
24.246.192.195,8111,HTTP
213.149.103.132,46812,HTTP
206.189.195.54,4930,HTTP
103.83.111.249,8111,HTTP
200.0.247.84,4153,HTTP
170.80.33.103,5678,HTTP
67.22.211.77,8111,HTTP
181.78.27.238,4153,HTTP
37.29.116.46,8080,HTTP
45.167.125.97,9992,HTTP
112.133.193.226,8111,HTTP
50.63.13.228,23921,HTTP
68.68.175.212,8111,HTTP
186.194.160.121,999,HTTP
103.146.182.26,4145,HTTP
47.243.168.116,25812,HTTP
65.183.147.62,8111,HTTP
38.125.89.66,34355,HTTP
116.199.170.1,4145,HTTP
117.201.242.137,8111,HTTP
41.188.149.75,80,HTTP
201.222.45.39,999,HTTP
202.131.117.70,8111,HTTP
103.131.19.141,8080,HTTP
111.225.153.24,8089,HTTP
78.189.172.91,8111,HTTP
123.57.78.53,8118,HTTP
116.62.7.164,8000,HTTP
47.93.223.27,10705,HTTP
217.27.149.190,4153,HTTP
182.93.85.49,5678,HTTP
80.87.200.140,9050,HTTP
155.138.197.162,80,HTTP
216.154.201.132,54321,HTTP
72.221.172.203,4145,HTTP
89.58.45.94,44259,HTTP
103.148.195.52,4153,HTTP
117.160.250.163,9999,HTTP
185.132.228.237,4145,HTTP
181.232.190.138,999,HTTP
103.210.29.100,31433,HTTP
117.247.191.201,8111,HTTP
36.93.138.186,8080,HTTP
116.118.98.26,5678,HTTP
88.247.139.95,8111,HTTP
117.200.76.43,8111,HTTP
192.252.208.67,14287,HTTP
179.159.134.228,4153,HTTP
188.235.34.146,1080,HTTP
70.183.101.103,8111,HTTP
89.133.95.177,4145,HTTP
149.20.253.51,12551,HTTP
187.37.121.236,4153,HTTP
41.180.65.114,8111,HTTP
80.65.28.57,30924,HTTP
135.181.140.218,59819,HTTP
131.108.60.22,3629,HTTP
103.35.108.198,4145,HTTP
170.84.51.235,55731,HTTP
185.6.10.231,1393,HTTP
192.241.232.61,31884,HTTP
181.204.43.155,999,HTTP
166.62.52.25,27525,HTTP
209.23.42.118,8111,HTTP
201.184.65.75,8111,HTTP
159.192.142.24,5678,HTTP
103.160.232.122,8080,HTTP
119.148.103.57,4153,HTTP
206.176.206.205,8111,HTTP
183.230.162.122,9091,HTTP
119.17.137.106,8111,HTTP
78.188.218.77,8111,HTTP
196.0.113.10,31651,HTTP
188.217.173.148,80,HTTP
209.20.136.195,8111,HTTP
50.250.205.21,32100,HTTP
24.231.198.158,8111,HTTP
203.210.235.91,5678,HTTP
103.234.8.87,1080,HTTP
192.69.126.36,8111,HTTP
197.248.32.18,8111,HTTP
177.66.244.100,5678,HTTP
203.12.200.48,12233,HTTP
194.145.138.84,9090,HTTP
137.118.223.207,8111,HTTP
190.104.250.34,8111,HTTP
103.76.190.37,31756,HTTP
120.89.90.230,80,HTTP
216.197.71.7,8111,HTTP
190.4.205.226,4153,HTTP
103.159.96.6,3125,HTTP
150.129.4.66,4153,HTTP
6.196.48.2,8021,HTTP
200.108.206.230,8111,HTTP
103.114.96.93,1080,HTTP
192.111.129.145,16894,HTTP
93.117.72.27,55770,HTTP
177.220.226.122,50151,HTTP
200.119.218.89,999,HTTP
159.224.243.185,61303,HTTP
174.77.111.197,4145,HTTP
198.211.38.45,47457,HTTP
103.161.122.151,30199,HTTP
38.125.94.207,13384,HTTP
103.153.40.38,8080,HTTP
103.80.118.242,51080,HTTP
207.5.28.194,8111,HTTP
223.96.90.216,8085,HTTP
103.77.60.14,80,HTTP
202.131.106.193,8111,HTTP
46.32.230.38,12347,HTTP
149.19.34.219,8082,HTTP
121.182.50.201,8111,HTTP
202.131.246.250,5678,HTTP
184.177.84.245,1088,HTTP
218.4.62.141,8080,HTTP
103.162.191.68,8111,HTTP
85.105.120.145,8111,HTTP
192.140.42.81,39487,HTTP
110.185.102.103,51800,HTTP
69.55.33.213,8111,HTTP
61.9.33.118,1337,HTTP
125.228.77.228,1081,HTTP
177.136.124.36,3629,HTTP
170.238.180.21,4145,HTTP
119.148.103.230,4153,HTTP
168.119.174.137,35798,HTTP
96.76.76.113,8111,HTTP
203.210.85.105,8080,HTTP
184.181.217.210,4145,HTTP
47.243.9.243,51080,HTTP
212.156.210.120,8111,HTTP
104.218.222.90,8111,HTTP
177.12.99.89,5000,HTTP
115.73.220.114,5678,HTTP
170.150.32.206,8080,HTTP
45.33.215.153,8111,HTTP
174.77.111.198,49547,HTTP
187.243.253.182,43015,HTTP
117.103.5.234,60113,HTTP
145.239.252.47,16944,HTTP
70.176.22.173,8111,HTTP
202.43.182.3,4153,HTTP
192.111.139.163,19404,HTTP
178.62.226.96,35532,HTTP
47.108.167.35,80,HTTP
54.36.108.221,40305,HTTP
170.84.50.226,4153,HTTP
188.124.250.138,8008,HTTP
51.38.32.239,64322,HTTP
136.243.20.45,30075,HTTP
46.227.36.152,1080,HTTP
221.231.13.198,1080,HTTP
187.102.26.79,35618,HTTP
177.36.186.132,5678,HTTP
36.89.245.65,8080,HTTP
180.122.146.3,1080,HTTP
72.221.171.130,4145,HTTP
193.106.191.184,4768,HTTP
98.181.137.83,4145,HTTP
176.215.78.185,1080,HTTP
216.99.19.57,8111,HTTP
142.93.46.55,13683,HTTP
45.112.1.49,4145,HTTP
222.179.155.90,9091,HTTP
110.44.121.90,8111,HTTP
111.225.152.24,8089,HTTP
35.134.203.0,8111,HTTP
185.195.129.116,4153,HTTP
158.69.27.94,9300,HTTP
93.175.204.173,8080,HTTP
103.131.19.172,1080,HTTP
137.118.191.232,8111,HTTP
131.100.48.73,999,HTTP
70.183.27.34,8111,HTTP
73.207.213.48,8111,HTTP
117.160.250.133,9999,HTTP
87.119.65.33,5678,HTTP
181.209.106.186,1080,HTTP
192.141.236.10,5678,HTTP
1.239.175.199,8111,HTTP
185.136.151.252,5678,HTTP
120.236.41.185,9091,HTTP
116.118.98.5,5678,HTTP
109.228.251.210,8111,HTTP
201.222.44.18,999,HTTP
170.233.117.249,4153,HTTP
216.255.35.16,8111,HTTP
98.167.130.62,8111,HTTP
103.152.89.219,4153,HTTP
159.89.163.128,7497,HTTP
132.226.17.62,47555,HTTP
187.243.255.234,9812,HTTP
150.158.199.40,2080,HTTP
74.92.120.113,8111,HTTP
162.248.130.116,8111,HTTP
82.207.20.247,5678,HTTP
181.78.13.91,5678,HTTP
200.42.89.50,4153,HTTP
51.68.89.25,61094,HTTP
184.178.172.3,4145,HTTP
103.87.24.34,5678,HTTP
201.206.141.102,6969,HTTP
62.210.207.206,17601,HTTP
221.121.12.238,47012,HTTP
176.192.70.58,8020,HTTP
103.239.169.104,8111,HTTP
104.203.203.166,8111,HTTP
1.220.114.194,8111,HTTP
73.90.90.168,8111,HTTP
109.70.189.51,3629,HTTP
131.0.87.225,52017,HTTP
201.236.177.242,5373,HTTP
109.75.34.152,59341,HTTP
111.225.152.197,8089,HTTP
187.102.216.167,999,HTTP
103.224.117.220,8111,HTTP
72.206.181.105,64935,HTTP
177.69.214.155,53281,HTTP
185.11.139.198,8088,HTTP
20.111.55.236,8004,HTTP
121.182.188.168,8111,HTTP
118.163.65.48,8111,HTTP
94.77.234.235,8111,HTTP
180.210.222.249,1080,HTTP
191.102.250.6,8085,HTTP
176.58.17.1,4153,HTTP
198.15.3.196,8111,HTTP
103.74.198.17,8111,HTTP
72.195.144.161,8111,HTTP
49.156.42.186,5678,HTTP
177.11.121.122,4145,HTTP
181.114.224.41,8080,HTTP
88.87.177.62,8111,HTTP
103.161.122.151,30178,HTTP
104.168.117.230,8080,HTTP
202.179.184.44,5430,HTTP
88.247.94.138,8111,HTTP
1.250.52.14,8111,HTTP
190.61.4.74,44435,HTTP
111.225.153.218,8089,HTTP
190.107.237.21,999,HTTP
192.69.126.125,8111,HTTP
45.7.177.187,39867,HTTP
103.140.35.50,5678,HTTP
180.211.98.154,8111,HTTP
72.206.181.123,4145,HTTP
173.212.219.197,41109,HTTP
137.118.188.131,8111,HTTP
182.253.112.194,8080,HTTP
129.126.106.166,8111,HTTP
46.101.99.250,31362,HTTP
72.218.211.232,8111,HTTP
37.236.60.35,80,HTTP
111.225.153.20,8089,HTTP
216.119.22.7,8111,HTTP
213.149.103.132,56671,HTTP
200.152.107.102,1080,HTTP
93.175.194.154,3629,HTTP
184.178.172.17,4145,HTTP
167.250.29.61,8111,HTTP
91.213.119.246,31551,HTTP
183.82.111.17,8111,HTTP
173.214.140.60,8111,HTTP
206.42.43.215,3128,HTTP
184.185.2.12,4145,HTTP
118.107.44.181,8000,HTTP
189.2.164.165,4153,HTTP
178.252.199.46,4153,HTTP
85.112.95.42,4153,HTTP
149.20.253.250,12551,HTTP
103.111.53.82,58033,HTTP
98.170.57.249,4145,HTTP
24.246.197.70,8111,HTTP
104.255.76.76,8111,HTTP
68.185.203.109,8111,HTTP
176.118.51.82,3629,HTTP
37.187.133.177,55102,HTTP
47.241.245.250,7777,HTTP
99.26.74.89,39593,HTTP
182.75.29.106,8111,HTTP
183.82.121.4,8111,HTTP
138.59.177.117,5678,HTTP
49.89.220.218,1080,HTTP
89.216.101.99,5678,HTTP
187.188.85.29,8111,HTTP
54.38.242.224,57967,HTTP
177.86.24.130,4153,HTTP
85.97.207.99,8111,HTTP
119.7.135.19,9091,HTTP
46.36.70.104,1080,HTTP
194.67.118.152,5620,HTTP
190.113.41.163,999,HTTP
45.156.29.131,9090,HTTP
190.16.15.129,5678,HTTP
131.221.120.196,5678,HTTP
38.125.89.167,32755,HTTP
68.225.63.40,8111,HTTP
200.149.244.202,4145,HTTP
98.162.25.16,4145,HTTP
41.242.116.150,50000,HTTP
41.203.83.242,8080,HTTP
115.124.126.24,80,HTTP
198.8.94.170,4145,HTTP
154.62.132.163,4153,HTTP
14.139.107.242,8111,HTTP
188.93.64.242,4153,HTTP
169.239.129.15,3002,HTTP
103.41.105.59,80,HTTP
177.128.44.126,31337,HTTP
69.112.200.159,8111,HTTP
104.153.19.250,8111,HTTP
103.105.40.17,4145,HTTP
209.37.250.19,80,HTTP
205.207.103.169,8282,HTTP
51.81.83.138,9050,HTTP
91.203.114.71,42905,HTTP
191.97.19.49,999,HTTP
198.23.143.4,1081,HTTP
51.104.203.226,33700,HTTP
111.225.152.94,8089,HTTP
162.255.108.245,5678,HTTP
103.252.7.125,8111,HTTP
104.255.75.5,8111,HTTP
216.8.52.41,8111,HTTP
95.216.228.204,60333,HTTP
37.187.133.177,34759,HTTP
216.197.71.98,8111,HTTP
173.212.220.213,20940,HTTP
213.159.247.65,5678,HTTP
208.103.227.143,8111,HTTP
123.157.233.138,9091,HTTP
24.152.249.2,8111,HTTP
103.248.197.12,3125,HTTP
8.242.177.250,999,HTTP
217.197.158.182,41890,HTTP
45.70.204.245,4145,HTTP
173.21.68.13,8111,HTTP
173.195.27.138,10091,HTTP
45.234.100.102,1080,HTTP
73.255.109.130,8111,HTTP
103.140.205.137,1080,HTTP
202.162.214.250,5434,HTTP
177.87.230.1,43573,HTTP
14.139.181.212,8111,HTTP
176.215.77.168,1080,HTTP
159.69.117.155,42572,HTTP
187.188.58.140,4153,HTTP
103.76.12.42,80,HTTP
38.125.94.146,34355,HTTP
103.85.114.244,8080,HTTP
216.145.142.53,8111,HTTP
95.9.226.253,8111,HTTP
77.242.233.13,4153,HTTP
114.96.122.210,12888,HTTP
88.247.171.38,8111,HTTP
36.67.147.222,4153,HTTP
186.47.213.158,5678,HTTP
125.141.133.48,5566,HTTP
143.198.49.49,3240,HTTP
187.63.156.82,999,HTTP
187.72.4.42,8111,HTTP
1.221.46.164,8111,HTTP
184.190.137.213,8111,HTTP
216.197.76.10,8111,HTTP
146.56.138.62,17601,HTTP
45.33.113.90,30131,HTTP
170.233.30.6,4153,HTTP
201.144.20.231,5678,HTTP
187.188.168.59,4153,HTTP
203.150.113.7,14153,HTTP
45.173.6.5,999,HTTP
190.253.241.254,5678,HTTP
203.194.52.78,8111,HTTP
85.221.249.210,8080,HTTP
94.77.195.20,8111,HTTP
183.82.33.45,8111,HTTP
197.248.135.115,8111,HTTP
178.72.89.106,8080,HTTP
173.249.24.31,18720,HTTP
72.195.114.169,4145,HTTP
187.72.110.81,4153,HTTP
148.66.39.33,8111,HTTP
173.247.139.163,8111,HTTP
181.15.154.156,52033,HTTP
1.251.79.106,8111,HTTP
88.79.151.238,10001,HTTP
72.195.34.42,4145,HTTP
103.144.18.95,80,HTTP
119.18.158.130,4153,HTTP
206.189.251.0,21875,HTTP
186.10.127.170,4153,HTTP
91.93.65.59,8080,HTTP
188.18.10.140,5678,HTTP
190.120.255.19,999,HTTP
43.255.113.232,8083,HTTP
91.221.240.254,1515,HTTP
194.31.33.36,8080,HTTP
187.72.4.44,8111,HTTP
50.76.235.37,8111,HTTP
197.248.21.81,8111,HTTP
178.48.68.61,4145,HTTP
200.116.227.98,33337,HTTP
198.8.94.174,39078,HTTP
98.162.96.41,4145,HTTP
103.146.184.19,1085,HTTP
24.246.215.41,8111,HTTP
217.56.67.36,8111,HTTP
185.18.72.249,4153,HTTP
45.64.99.236,8080,HTTP
72.195.34.41,4145,HTTP
186.1.206.154,1080,HTTP
103.102.144.244,5678,HTTP
188.118.49.162,8111,HTTP
202.21.109.171,1012,HTTP
60.205.169.16,33080,HTTP
179.191.114.65,4153,HTTP
12.218.209.130,13326,HTTP
170.76.159.170,8111,HTTP
209.20.136.221,8111,HTTP
5.34.74.234,5678,HTTP
67.219.126.178,8111,HTTP
189.201.191.21,4145,HTTP
213.172.89.227,4153,HTTP
36.71.8.15,4153,HTTP
89.111.105.89,41258,HTTP
174.68.180.91,8111,HTTP
95.9.148.234,8111,HTTP
72.49.49.11,31034,HTTP
136.233.46.6,8111,HTTP
91.201.240.84,5678,HTTP
146.120.214.21,8080,HTTP
110.77.145.159,4145,HTTP
31.14.116.208,80,HTTP
103.124.198.102,3125,HTTP
49.51.189.171,2112,HTTP
115.21.215.188,8111,HTTP
35.201.247.19,55502,HTTP
50.30.113.83,8111,HTTP
36.91.233.114,5678,HTTP
181.236.221.138,4145,HTTP
183.88.128.191,5678,HTTP
72.11.160.75,8111,HTTP
200.170.203.90,1080,HTTP
209.177.130.125,8111,HTTP
43.251.135.19,8081,HTTP
23.249.67.246,8111,HTTP
110.185.105.210,51800,HTTP
103.156.249.38,1080,HTTP
165.16.27.34,1976,HTTP
186.194.234.18,4153,HTTP
136.143.144.187,5678,HTTP
161.97.156.209,36874,HTTP
192.252.208.70,14282,HTTP
184.178.172.26,4145,HTTP
146.196.48.2,80,HTTP
201.217.51.9,4145,HTTP
38.22.13.100,8111,HTTP
103.206.245.65,5430,HTTP
24.75.156.114,3366,HTTP
45.142.104.117,3128,HTTP
216.119.60.161,8111,HTTP
185.87.45.58,8111,HTTP
190.2.137.129,39847,HTTP
38.49.130.112,8111,HTTP
81.214.125.69,8111,HTTP
216.14.155.161,8111,HTTP
116.203.207.186,9999,HTTP
185.126.44.101,5678,HTTP
186.87.179.54,5678,HTTP
202.79.40.97,36953,HTTP
207.230.114.6,60716,HTTP
1.222.110.132,8111,HTTP
203.76.117.74,4153,HTTP
37.26.136.224,4153,HTTP
183.221.221.149,9091,HTTP
36.89.11.81,5678,HTTP
68.71.249.153,48606,HTTP
62.182.114.164,59623,HTTP
205.215.254.16,8111,HTTP
187.95.136.14,5678,HTTP
50.207.130.238,54321,HTTP
62.193.108.144,1981,HTTP
178.33.14.218,9999,HTTP
200.24.155.10,999,HTTP
103.200.135.230,4145,HTTP
125.253.125.132,43240,HTTP
183.89.12.18,8080,HTTP
1.251.165.14,8111,HTTP
181.3.197.21,1080,HTTP
62.193.108.130,1981,HTTP
174.77.111.196,4145,HTTP
176.235.171.230,8111,HTTP
1.221.48.188,8111,HTTP
186.96.56.9,999,HTTP
185.32.47.1,4153,HTTP
5.39.93.167,61013,HTTP
41.149.175.138,3128,HTTP
103.224.145.33,5678,HTTP
142.93.162.127,31230,HTTP
158.69.122.75,46144,HTTP
103.157.126.115,8111,HTTP
185.6.10.41,21305,HTTP
36.92.77.241,5678,HTTP
202.142.178.114,4153,HTTP
103.23.101.97,4145,HTTP
103.160.12.138,4145,HTTP
178.212.199.95,1099,HTTP
177.137.207.124,4153,HTTP
159.223.163.20,44171,HTTP
158.69.122.75,36301,HTTP
85.105.232.134,8111,HTTP
157.245.77.149,54032,HTTP
216.197.79.207,8111,HTTP
78.186.41.60,8111,HTTP
202.40.179.18,4145,HTTP
181.199.181.18,4145,HTTP
199.38.65.79,8111,HTTP
201.221.157.162,5678,HTTP
78.186.55.88,8111,HTTP
216.55.245.39,8111,HTTP
162.246.237.99,8111,HTTP
138.197.66.68,18390,HTTP
193.239.101.11,44712,HTTP
81.214.62.219,8111,HTTP
202.58.199.229,5678,HTTP
139.59.159.49,35290,HTTP
185.6.10.137,62458,HTTP
89.215.51.120,8081,HTTP
103.87.212.15,4153,HTTP
212.156.99.42,8111,HTTP
183.131.189.252,7302,HTTP
62.171.166.158,2170,HTTP
164.92.67.143,10003,HTTP
166.160.41.186,17171,HTTP
137.184.186.97,12555,HTTP
73.152.110.67,8111,HTTP
188.127.224.46,22175,HTTP
49.205.176.9,8111,HTTP
38.125.89.29,32755,HTTP
103.121.62.129,5678,HTTP
103.125.161.116,8111,HTTP
140.250.88.154,1080,HTTP
121.182.125.199,8111,HTTP
192.111.137.35,4145,HTTP
203.23.49.150,5678,HTTP
88.247.236.51,8111,HTTP
216.8.200.74,8111,HTTP
31.170.19.241,4153,HTTP
91.205.72.103,53460,HTTP
186.103.227.58,4153,HTTP
45.251.34.210,8111,HTTP
170.80.221.155,4153,HTTP
121.4.103.23,32001,HTTP
85.99.117.60,8111,HTTP
72.48.168.91,8111,HTTP
107.180.88.37,38811,HTTP
43.248.25.6,4145,HTTP
178.32.108.118,1080,HTTP
85.104.122.197,8111,HTTP
78.188.166.96,8111,HTTP
130.234.119.57,80,HTTP
66.44.188.8,8111,HTTP
70.60.230.33,32940,HTTP
32.217.197.46,8111,HTTP
50.30.112.249,8111,HTTP
208.207.151.205,8233,HTTP
162.218.7.85,8111,HTTP
190.131.198.77,7497,HTTP
62.171.166.158,62684,HTTP
173.215.96.202,8111,HTTP
216.8.37.137,8111,HTTP
172.222.28.20,8111,HTTP
187.190.111.249,8111,HTTP
78.186.161.196,8111,HTTP
205.215.254.15,8111,HTTP
146.59.178.163,63977,HTTP
212.156.133.150,8111,HTTP
185.66.57.131,42647,HTTP
38.125.94.170,54075,HTTP
123.31.12.184,28417,HTTP
68.71.247.130,4145,HTTP
37.252.66.125,46324,HTTP
202.51.103.154,5678,HTTP
216.119.22.155,8111,HTTP
102.219.208.158,5678,HTTP
208.103.229.242,8111,HTTP
193.36.61.153,10333,HTTP
176.240.202.103,8111,HTTP
70.37.253.122,8111,HTTP
74.206.83.19,8111,HTTP
209.23.58.54,8111,HTTP
46.35.97.10,8111,HTTP
182.48.205.27,8111,HTTP
217.73.177.180,33080,HTTP
167.172.23.19,24138,HTTP
136.52.106.206,8111,HTTP
209.23.58.53,8111,HTTP
145.239.252.47,19483,HTTP
2.45.165.92,8111,HTTP
169.239.223.136,52178,HTTP
46.32.230.38,62953,HTTP
1.10.168.30,8111,HTTP
78.186.204.137,8111,HTTP
12.104.240.241,8111,HTTP
135.125.244.133,21056,HTTP
123.108.98.89,5678,HTTP
176.99.2.43,1080,HTTP
41.57.110.193,8111,HTTP
185.139.155.134,19895,HTTP
178.76.254.130,4145,HTTP
134.220.41.128,24090,HTTP
113.161.166.113,8111,HTTP
103.12.246.21,4145,HTTP
81.12.157.98,5678,HTTP
183.223.234.42,7300,HTTP
180.94.88.242,8111,HTTP
176.57.189.116,10898,HTTP
192.169.250.203,61863,HTTP
177.87.230.29,43573,HTTP
216.213.113.56,8111,HTTP
213.91.128.99,10801,HTTP
95.178.108.189,5678,HTTP
188.134.1.49,3629,HTTP
103.216.82.37,6667,HTTP
73.124.107.240,8111,HTTP
88.250.220.7,8111,HTTP
103.21.161.177,8111,HTTP
185.190.90.2,4145,HTTP
64.30.90.239,8111,HTTP
2.186.126.158,8080,HTTP
117.62.201.30,8081,HTTP
201.48.125.221,4153,HTTP
92.38.45.72,3629,HTTP
142.93.162.127,44665,HTTP
103.158.253.32,5678,HTTP
169.255.196.126,8111,HTTP
102.64.117.254,4145,HTTP
68.109.86.79,8111,HTTP
73.132.151.52,8111,HTTP
202.90.136.210,8111,HTTP
216.113.55.179,8111,HTTP
185.15.145.113,8111,HTTP
67.222.124.184,8111,HTTP
98.161.175.38,8111,HTTP
66.194.11.217,8111,HTTP
106.240.89.60,4145,HTTP
88.248.173.86,8111,HTTP
73.247.199.49,8111,HTTP
72.2.252.94,8111,HTTP
206.123.57.244,8111,HTTP
91.150.189.122,60647,HTTP
46.23.155.18,62638,HTTP
16.238.2.98,3128,HTTP
190.120.250.161,4145,HTTP
117.200.74.122,8111,HTTP
104.204.254.9,8111,HTTP
183.82.6.102,8111,HTTP
24.246.193.119,8111,HTTP
24.246.202.60,8111,HTTP
85.237.62.189,3629,HTTP
45.33.210.59,8111,HTTP
78.186.36.85,8111,HTTP
80.82.147.4,4153,HTTP
195.116.155.169,3629,HTTP
78.189.75.179,8111,HTTP
59.49.33.221,7302,HTTP
73.118.197.221,8111,HTTP
138.94.92.26,7497,HTTP
183.82.33.95,8111,HTTP
192.241.249.237,10631,HTTP
24.218.218.203,8111,HTTP
163.123.241.194,8111,HTTP
108.174.81.40,8111,HTTP
103.181.69.88,443,HTTP
45.125.222.125,47239,HTTP
72.210.252.134,46164,HTTP
69.41.204.59,8111,HTTP
51.219.198.58,3389,HTTP
134.122.22.50,13173,HTTP
203.154.232.25,4153,HTTP
74.84.21.59,8111,HTTP
113.160.247.189,4145,HTTP
216.55.251.79,8111,HTTP
187.102.79.33,4145,HTTP
123.49.53.170,5678,HTTP
205.215.254.30,8111,HTTP
182.71.115.100,8111,HTTP
159.253.45.24,10677,HTTP
68.106.197.224,8111,HTTP
131.221.75.235,5678,HTTP
182.52.19.99,3629,HTTP
167.172.23.19,63181,HTTP
165.22.58.191,42311,HTTP
68.7.66.40,8111,HTTP
51.68.181.36,7497,HTTP
159.224.187.170,5678,HTTP
185.78.11.60,8111,HTTP
107.178.4.178,8111,HTTP
66.232.18.188,8111,HTTP
216.229.121.168,8111,HTTP
64.30.83.239,8111,HTTP
103.251.219.242,8111,HTTP
68.230.118.128,8111,HTTP
85.237.229.101,8111,HTTP
72.221.164.34,60671,HTTP
72.210.208.101,4145,HTTP
181.233.94.19,5678,HTTP
59.99.152.88,5678,HTTP
200.43.231.16,4153,HTTP
209.23.49.174,8111,HTTP
45.91.93.166,36434,HTTP
85.104.123.93,8111,HTTP
73.120.56.160,8111,HTTP
173.246.210.209,8111,HTTP
170.254.204.118,8111,HTTP
138.185.142.107,8111,HTTP
216.14.73.109,8111,HTTP
98.161.193.179,8111,HTTP
43.240.103.252,56789,HTTP
36.95.142.26,4153,HTTP
72.18.55.89,8111,HTTP
75.87.148.62,8111,HTTP
88.247.205.196,8111,HTTP
14.97.57.171,8111,HTTP
187.188.104.190,8111,HTTP
185.196.176.77,4145,HTTP
185.208.102.71,1080,HTTP
156.239.52.44,3128,HTTP
173.195.27.155,10091,HTTP
50.238.47.85,32100,HTTP
202.29.220.202,61507,HTTP
92.42.249.58,10801,HTTP
103.150.110.202,9969,HTTP
182.23.4.130,5678,HTTP
116.118.98.9,5678,HTTP
102.66.228.125,5678,HTTP
177.128.209.90,4673,HTTP
185.213.156.226,51971,HTTP
182.253.192.186,46634,HTTP
103.242.104.44,5678,HTTP
91.211.177.21,3629,HTTP
45.190.13.58,1080,HTTP
104.131.7.177,21058,HTTP
50.192.49.195,32100,HTTP
202.159.30.9,443,HTTP
177.8.170.122,1080,HTTP
31.43.63.70,4145,HTTP
89.38.11.16,60355,HTTP
46.33.235.236,5678,HTTP
188.163.170.130,35578,HTTP
171.5.13.206,4145,HTTP
190.104.26.227,33638,HTTP
119.40.82.185,35805,HTTP
189.112.223.233,5678,HTTP
91.226.97.99,80,HTTP
190.182.88.214,30956,HTTP
202.44.228.13,4153,HTTP
103.85.67.169,4145,HTTP
103.210.31.49,31433,HTTP
173.199.90.24,10278,HTTP
154.72.183.230,5678,HTTP
190.239.24.77,5678,HTTP
170.78.15.56,4153,HTTP
38.133.200.94,31596,HTTP
170.80.91.3,4145,HTTP
189.124.138.137,5678,HTTP
36.89.74.140,5678,HTTP
181.204.96.178,5678,HTTP
105.50.100.252,3128,HTTP
181.230.24.15,4153,HTTP
89.144.35.233,58744,HTTP
36.37.94.199,5678,HTTP
170.246.105.233,4153,HTTP
46.98.198.10,5678,HTTP
206.42.123.198,5678,HTTP
189.121.227.139,5678,HTTP
180.180.12.51,4145,HTTP
91.213.119.246,46024,HTTP
160.202.145.161,3629,HTTP
89.151.134.157,3629,HTTP
115.91.83.42,4145,HTTP
93.90.212.2,4153,HTTP
113.160.247.115,4145,HTTP
200.0.227.220,4153,HTTP
162.255.108.254,5678,HTTP
181.129.62.2,47377,HTTP
197.156.240.66,5678,HTTP
59.139.149.90,8080,HTTP
103.74.69.117,4153,HTTP
45.233.0.1,4153,HTTP
190.53.46.11,45535,HTTP
91.247.92.63,5678,HTTP
179.191.125.202,4153,HTTP
187.122.105.181,4153,HTTP
176.236.163.36,59311,HTTP
177.8.232.113,9999,HTTP
46.188.53.61,3629,HTTP
36.89.129.209,5678,HTTP
190.120.249.149,4145,HTTP
46.227.37.81,1088,HTTP
85.113.7.142,5678,HTTP
138.127.224.120,80,HTTP
117.102.115.158,4153,HTTP
1.4.214.148,5678,HTTP
73.136.4.248,8111,HTTP
103.154.230.83,5678,HTTP
5.160.151.42,8080,HTTP
46.241.57.29,1080,HTTP
205.237.147.112,8111,HTTP
192.144.105.28,8080,HTTP
223.29.199.144,55443,HTTP
177.128.78.0,5678,HTTP
45.114.39.25,8080,HTTP
202.153.233.228,8080,HTTP
114.231.41.168,9999,HTTP
170.238.112.71,8080,HTTP
37.236.59.107,80,HTTP
103.156.14.46,5678,HTTP
118.97.47.249,55443,HTTP
103.65.238.186,8181,HTTP
192.99.56.181,51277,HTTP
197.255.253.33,5678,HTTP
180.183.229.78,4153,HTTP
177.74.157.163,5678,HTTP
95.169.221.238,5678,HTTP
200.69.67.148,999,HTTP
178.212.52.198,1080,HTTP
37.236.59.83,80,HTTP
123.171.42.74,8089,HTTP
177.38.15.44,8080,HTTP
95.31.35.210,3629,HTTP
85.105.134.106,8111,HTTP
109.188.86.168,4145,HTTP
190.180.35.148,5678,HTTP
201.217.49.2,80,HTTP
88.249.83.115,8111,HTTP
183.82.5.211,8111,HTTP
103.47.93.198,1080,HTTP
93.180.133.8,51652,HTTP
85.105.15.126,8111,HTTP
103.157.96.97,3128,HTTP
181.198.6.251,999,HTTP
103.154.231.100,1080,HTTP
103.153.136.187,8080,HTTP
173.197.167.242,8080,HTTP
31.209.104.231,4145,HTTP
192.154.247.28,8000,HTTP
95.68.225.138,1080,HTTP
213.16.81.182,35559,HTTP
167.250.29.57,8111,HTTP
89.216.52.217,4153,HTTP
43.239.75.145,4145,HTTP
137.118.147.111,8111,HTTP
37.187.133.177,55652,HTTP
103.252.163.191,80,HTTP
196.0.111.194,48009,HTTP
168.90.205.191,1080,HTTP
103.143.197.66,5678,HTTP
213.212.247.204,1976,HTTP
102.219.33.110,1080,HTTP
152.200.175.62,999,HTTP
23.249.77.5,8111,HTTP
91.108.134.113,8080,HTTP
154.239.1.77,1981,HTTP
183.166.145.36,38801,HTTP
67.215.46.232,8111,HTTP
200.10.68.41,999,HTTP
37.148.217.234,999,HTTP
135.125.2.93,8080,HTTP
103.52.144.49,8080,HTTP
103.19.58.122,8080,HTTP
187.86.4.16,4153,HTTP
195.211.45.213,3128,HTTP
186.96.25.21,8111,HTTP
46.99.188.13,42551,HTTP
51.52.205.98,4153,HTTP
37.187.133.177,55014,HTTP
36.68.108.165,8080,HTTP
149.57.11.17,8181,HTTP
82.114.143.222,3389,HTTP
200.149.32.34,5678,HTTP
45.5.118.43,999,HTTP
170.254.200.165,3180,HTTP
95.140.126.82,1080,HTTP
103.209.204.141,5678,HTTP
45.173.6.98,999,HTTP
191.7.85.206,4145,HTTP
152.169.106.145,8080,HTTP
137.118.170.54,8111,HTTP
118.67.219.153,8080,HTTP
104.203.181.75,8111,HTTP
103.156.239.34,3334,HTTP
190.107.237.20,999,HTTP
91.121.48.221,55348,HTTP
177.152.174.226,8080,HTTP
162.210.30.76,8111,HTTP
27.147.143.250,1088,HTTP
103.48.68.36,82,HTTP
173.246.28.107,8111,HTTP
186.0.171.188,8080,HTTP
176.236.30.153,5678,HTTP
41.65.55.2,1976,HTTP
199.188.89.136,9000,HTTP
188.120.240.229,8081,HTTP
103.162.218.66,8181,HTTP
118.37.116.66,3128,HTTP
41.190.233.56,5678,HTTP
78.186.23.20,8111,HTTP
103.138.71.29,3125,HTTP
103.242.104.244,5678,HTTP
78.90.252.7,4153,HTTP
177.93.71.228,5678,HTTP
186.166.138.51,999,HTTP
185.186.17.57,5678,HTTP
45.116.230.79,4673,HTTP
185.47.184.253,45463,HTTP
38.84.74.3,80,HTTP
178.212.55.61,1080,HTTP
178.212.49.96,1080,HTTP
154.61.227.9,64312,HTTP
45.190.170.254,999,HTTP
77.238.79.111,5678,HTTP
154.79.254.176,10801,HTTP
103.115.252.18,80,HTTP
200.0.247.242,5678,HTTP
156.67.107.79,5678,HTTP
45.116.157.236,4145,HTTP
177.72.115.65,31164,HTTP
103.105.54.101,3127,HTTP
5.45.103.133,3128,HTTP
5.178.204.235,2082,HTTP
38.52.160.250,999,HTTP
37.236.59.107,8080,HTTP
103.105.40.129,4145,HTTP
200.70.34.22,4153,HTTP
45.225.184.177,999,HTTP
114.231.46.87,8089,HTTP
216.249.239.196,8111,HTTP
217.145.94.196,4153,HTTP
117.54.114.102,80,HTTP
185.65.253.161,8081,HTTP
213.179.245.72,8181,HTTP
117.102.93.242,8080,HTTP,🇮🇩 Indonesia,16 seconds ago
177.69.126.65,8080,HTTP,🇧🇷 Brazil,35 seconds ago
103.161.122.151,30169,HTTP,Unknown,37 seconds ago
182.52.140.57,8080,HTTP,🇹🇭 Thailand,46 seconds ago
103.210.161.198,8998,HTTP,🇨🇳 China,47 seconds ago
187.95.112.36,6666,HTTP,🇧🇷 Brazil,1 minute ago
115.124.79.91,8080,HTTP,🇮🇩 Indonesia,1 minute ago
176.115.16.250,8080,HTTP,🇵🇱 Poland,2 minutes ago
213.6.17.251,19000,HTTP,🇵🇸 Palestine,2 minutes ago
202.152.24.50,8080,HTTP,🇮🇩 Indonesia,2 minutes ago
89.107.197.165,3128,HTTP,🇷🇺 Russia,2 minutes ago
110.78.81.107,8080,HTTP,🇹🇭 Thailand,2 minutes ago
186.96.111.178,999,HTTP,🇵🇦 Panama,2 minutes ago
36.91.108.141,3128,HTTP,🇮🇩 Indonesia,3 minutes ago
45.72.5.31,3128,HTTP,🇨🇦 Canada,3 minutes ago
139.59.206.17,80,HTTP,🇩🇪 Germany,3 minutes ago
178.32.58.147,8080,HTTP,🇬🇧 United Kingdom,4 minutes ago
45.183.140.244,8080,HTTP,Unknown,4 minutes ago
164.92.160.38,8080,HTTP,🇺🇸 United States,4 minutes ago
58.147.187.46,3125,HTTP,🇮🇩 Indonesia,4 minutes ago
187.193.107.192,8080,HTTP,🇲🇽 Mexico,4 minutes ago
103.161.122.151,30186,HTTP,Unknown,4 minutes ago
103.170.97.141,8080,HTTP,Unknown,4 minutes ago
194.169.167.5,8080,HTTP,Unknown,4 minutes ago
77.236.236.44,8080,HTTP,🇷🇺 Russia,4 minutes ago
202.147.206.98,8080,HTTP,🇮🇩 Indonesia,4 minutes ago
85.121.232.200,2019,HTTP,🇷🇴 Romania,4 minutes ago
202.180.16.1,8080,HTTP,🇮🇩 Indonesia,5 minutes ago
80.97.46.4,2019,HTTP,🇷🇴 Romania,5 minutes ago
138.117.230.241,999,HTTP,Unknown,5 minutes ago
104.129.192.166,11083,HTTP,🇺🇸 United States,5 minutes ago
109.168.144.180,8080,HTTP,🇷🇺 Russia,5 minutes ago
209.166.175.201,3128,HTTP,🇺🇸 United States,6 minutes ago
69.160.192.139,8080,HTTP,🇺🇸 United States,7 minutes ago
61.7.157.51,8080,HTTP,🇹🇭 Thailand,7 minutes ago
140.227.69.124,3180,HTTP,🇯🇵 Japan,8 minutes ago
103.189.222.6,8080,HTTP,Unknown,8 minutes ago
170.238.14.107,8080,HTTP,🇧🇷 Brazil,8 minutes ago
103.142.175.164,80,HTTP,Unknown,9 minutes ago
166.111.74.239,4780,HTTP,🇨🇳 China,10 minutes ago
36.94.47.62,4480,HTTP,🇮🇩 Indonesia,10 minutes ago
79.132.208.75,3128,HTTP,🇮🇷 Iran,10 minutes ago
37.26.86.206,47464,HTTP,🇦🇱 Albania,10 minutes ago
103.150.218.78,3125,HTTP,Unknown,10 minutes ago
45.233.67.207,999,HTTP,Unknown,10 minutes ago
118.31.166.135,3128,HTTP,🇨🇳 China,11 minutes ago
45.184.73.114,40033,HTTP,Unknown,11 minutes ago
112.78.165.45,8080,HTTP,🇮🇩 Indonesia,11 minutes ago
179.212.47.83,55443,HTTP,🇧🇷 Brazil,12 minutes ago
195.96.129.28,8080,HTTP,🇮🇹 Italy,12 minutes ago
177.141.99.50,8080,HTTP,🇧🇷 Brazil,12 minutes ago
36.92.140.113,8080,HTTP,🇮🇩 Indonesia,12 minutes ago
46.152.124.255,80,HTTP,🇸🇦 Saudi Arabia,13 minutes ago
151.22.181.214,8080,HTTP,🇮🇹 Italy,13 minutes ago
125.27.141.98,5000,HTTP,🇹🇭 Thailand,13 minutes ago
43.227.129.129,83,HTTP,🇮🇳 India,14 minutes ago
191.5.0.25,8080,HTTP,🇧🇷 Brazil,14 minutes ago
187.111.163.27,8080,HTTP,🇧🇷 Brazil,14 minutes ago
190.220.8.90,8080,HTTP,🇦🇷 Argentina,14 minutes ago
78.47.119.36,9999,HTTP,🇩🇪 Germany,14 minutes ago
192.124.200.33,8080,HTTP,🇬🇧 United Kingdom,15 minutes ago
14.207.112.11,8080,HTTP,🇹🇭 Thailand,16 minutes ago
183.88.197.176,8080,HTTP,🇹🇭 Thailand,16 minutes ago
194.5.188.77,3128,HTTP,🇫🇷 France,16 minutes ago
77.242.16.30,8080,HTTP,🇦🇱 Albania,16 minutes ago
145.40.121.165,3128,HTTP,🇳🇱 Netherlands,17 minutes ago
185.204.171.220,8118,HTTP,🇮🇷 Iran,17 minutes ago
103.124.97.12,8080,HTTP,Unknown,17 minutes ago
201.71.2.97,999,HTTP,Unknown,17 minutes ago
189.164.77.39,10101,HTTP,🇲🇽 Mexico,17 minutes ago
116.254.116.99,8080,HTTP,🇮🇩 Indonesia,18 minutes ago
138.94.236.71,8080,HTTP,🇧🇷 Brazil,18 minutes ago
200.75.31.217,3128,HTTP,🇨🇱 Chile,18 minutes ago
138.219.251.7,3128,HTTP,🇦🇷 Argentina,18 minutes ago
185.157.1.249,3128,HTTP,🇨🇭 Switzerland,18 minutes ago
80.194.38.106,3333,HTTP,🇬🇧 United Kingdom,18 minutes ago
145.40.121.159,3128,HTTP,🇳🇱 Netherlands,18 minutes ago
142.132.170.72,80,HTTP,🇨🇦 Canada,18 minutes ago
142.132.191.196,80,HTTP,🇨🇦 Canada,18 minutes ago
01.255.134.136,3128,HTTP,🇰🇷 Republic of Korea,18 minutes ago
195.154.119.182,80,FR,France,anonymous,no,no,11 secs ago
161.35.223.141,80,DE,Germany,elite proxy,no,no,11 secs ago
217.197.162.40,80,NL,Netherlands,anonymous,yes,no,11 secs ago
212.107.28.122,80,HK,Hong Kong,anonymous,yes,no,11 secs ago
169.57.1.85,8123,MX,Mexico,elite proxy,no,no,11 secs ago
83.229.73.175,80,IL,Israel,elite proxy,no,no,11 secs ago
165.154.243.247,80,TW,Taiwan,anonymous,yes,no,11 secs ago
165.154.226.12,80,TW,Taiwan,anonymous,yes,no,11 secs ago
20.111.54.16,80,FR,France,elite proxy,no,no,11 secs ago
165.154.225.65,80,HK,Hong Kong,anonymous,no,no,11 secs ago
49.207.36.81,80,IN,India,anonymous,yes,no,11 secs ago
206.222.8.58,80,US,United States,anonymous,yes,no,11 secs ago
216.137.184.253,80,US,United States,elite proxy,no,no,11 secs ago
165.154.225.142,80,HK,Hong Kong,anonymous,no,no,11 secs ago
195.181.172.226,8081,NL,Netherlands,anonymous,no,no,11 secs ago
42.3.27.74,80,HK,Hong Kong,anonymous,no,no,11 secs ago
117.54.114.101,80,ID,Indonesia,anonymous,no,no,11 secs ago
162.247.153.124,80,US,United States,anonymous,yes,no,11 secs ago
20.210.113.32,8123,JP,Japan,elite proxy,no,no,11 secs ago
20.24.43.214,8123,SG,Singapore,elite proxy,no,no,11 secs ago
42.3.182.146,80,HK,Hong Kong,anonymous,yes,no,11 secs ago
104.148.36.10,80,US,United States,anonymous,yes,no,11 secs ago
68.183.191.179,44290,SG,Singapore,elite proxy,,no,1 min ago
212.50.36.57,8083,TR,Turkey,elite proxy,,no,1 min ago
81.91.136.76,8080,IR,Iran,transparent,no,no,1 min ago
190.128.165.178,8080,PY,Paraguay,transparent,no,no,1 min ago
187.188.171.73,6969,MX,Mexico,transparent,no,no,1 min ago
70.34.200.69,8888,SE,Sweden,transparent,no,no,1 min ago
186.219.175.44,8080,BR,Brazil,transparent,no,no,5 mins ago
103.152.232.124,3125,ID,Indonesia,transparent,no,no,5 mins ago
103.166.10.57,3125,ID,Indonesia,transparent,no,no,5 mins ago
103.175.46.134,3125,ID,Indonesia,transparent,no,no,10 mins ago
103.156.17.35,8181,ID,Indonesia,transparent,no,no,10 mins ago
103.172.116.231,80,SG,Singapore,anonymous,no,no,10 mins ago
156.200.116.71,1981,EG,Egypt,transparent,no,no,15 mins ago
172.105.13.173,80,CA,Canada,anonymous,yes,no,20 mins ago
221.132.28.18,8090,VN,Vietnam,anonymous,no,no,20 mins ago
45.127.245.42,8080,BD,Bangladesh,transparent,no,no,21 mins ago
88.87.95.143,5948,RU,Russian Federation,transparent,no,no,21 mins ago
181.209.111.146,999,AR,Argentina,transparent,no,no,22 mins ago
103.168.164.26,82,IN,India,transparent,no,no,22 mins ago
156.155.163.171,8080,ZA,South Africa,transparent,no,no,22 mins ago
50.235.247.114,8085,US,United States,transparent,no,no,23 mins ago
196.44.117.10,8080,NG,Nigeria,transparent,no,no,26 mins ago
200.37.56.186,999,PE,Peru,transparent,no,no,26 mins ago
219.78.228.211,80,HK,Hong Kong,anonymous,,no,30 mins ago
38.94.109.7,80,US,United States,anonymous,,no,30 mins ago
41.205.24.105,8080,CM,Cameroon,transparent,no,no,30 mins ago
103.155.47.234,3125,ID,Indonesia,transparent,no,no,30 mins ago
80.48.119.28,8080,PL,Poland,elite proxy,yes,no,30 mins ago
66.29.154.103,3128,US,United States,anonymous,no,no,30 mins ago
187.217.54.84,80,MX,Mexico,elite proxy,,no,30 mins ago
202.61.204.51,80,AT,Austria,elite proxy,,no,30 mins ago
120.89.90.154,8181,ID,Indonesia,anonymous,,no,30 mins ago
89.58.39.225,80,DE,Germany,elite proxy,,no,30 mins ago
153.120.0.136,8080,JP,Japan,transparent,no,no,36 mins ago
103.112.163.196,80,ID,Indonesia,transparent,no,no,38 mins ago
103.169.186.128,3125,ID,Indonesia,transparent,no,no,38 mins ago
178.254.155.177,8888,RS,Serbia,transparent,no,no,38 mins ago
188.235.130.50,8080,RU,Russian Federation,transparent,no,no,38 mins ago
103.209.230.253,8080,BD,Bangladesh,transparent,no,no,42 mins ago
103.106.115.94,8080,ID,Indonesia,transparent,no,no,42 mins ago
211.234.125.3,443,KR,South Korea,transparent,no,no,42 mins ago
200.170.175.173,8081,BR,Brazil,transparent,no,no,43 mins ago
36.37.86.27,9812,ID,Indonesia,transparent,no,no,43 mins ago
157.230.51.102,3128,US,United States,transparent,no,no,44 mins ago
201.150.119.48,999,MX,Mexico,transparent,no,no,46 mins ago
168.235.85.81,18888,US,United States,transparent,no,no,50 mins ago
154.236.179.233,1976,EG,Egypt,transparent,no,no,50 mins ago
182.23.77.122,8080,ID,Indonesia,transparent,no,no,50 mins ago
167.172.88.23,443,SG,Singapore,elite proxy,,no,51 mins ago
94.102.196.89,1500,IE,Ireland,elite proxy,,no,51 mins ago
191.249.72.144,80,BR,Brazil,elite proxy,,no,51 mins ago
64.56.216.81,8080,US,United States,transparent,no,no,54 mins ago
202.169.232.213,80,ID,Indonesia,transparent,no,no,54 mins ago
47.51.51.190,8080,US,United States,transparent,no,no,59 mins ago
47.74.152.29,8888,SG,Singapore,anonymous,yes,no,1 hour 1 min ago
103.109.3.212,8080,ID,Indonesia,transparent,no,no,1 hour 2 mins ago
168.181.131.119,8080,BR,Brazil,transparent,no,no,1 hour 3 mins ago
46.191.235.167,443,RU,Russian Federation,transparent,no,no,1 hour 7 mins ago
157.230.241.133,33273,SG,Singapore,elite proxy,,no,1 hour 11 mins ago
13.127.179.255,80,IN,India,elite proxy,,no,1 hour 11 mins ago
103.138.41.132,8080,ID,Indonesia,transparent,no,no,1 hour 11 mins ago
51.158.179.60,8118,FR,France,elite proxy,,no,1 hour 11 mins ago
51.15.217.77,3128,FR,France,transparent,no,no,1 hour 13 mins ago
15.207.51.7,80,IN,India,transparent,no,no,1 hour 13 mins ago
144.24.216.20,80,SA,Saudi Arabia,transparent,no,no,1 hour 13 mins ago
51.75.122.80,80,FR,France,transparent,no,no,1 hour 13 mins ago
103.160.192.14,80,IN,India,transparent,no,no,1 hour 13 mins ago
104.244.75.218,8080,LU,Luxembourg,transparent,no,no,1 hour 13 mins ago
177.153.33.94,80,BR,Brazil,transparent,no,no,1 hour 13 mins ago
54.161.135.247,80,US,United States,transparent,no,no,1 hour 13 mins ago
34.82.217.181,5555,US,United States,transparent,no,no,1 hour 13 mins ago
1.32.59.217,47045,MY,Malaysia,transparent,no,no,1 hour 13 mins ago
52.47.137.181,80,FR,France,transparent,no,no,1 hour 13 mins ago
77.233.5.68,55443,RU,Russian Federation,transparent,no,no,1 hour 14 mins ago
192.53.163.144,3128,US,United States,elite proxy,,no,1 hour 20 mins ago
45.57.235.68,3128,US,United States,transparent,no,no,1 hour 20 mins ago
38.15.149.48,3128,CA,Canada,transparent,no,no,1 hour 20 mins ago
45.57.234.11,3128,US,United States,transparent,no,no,1 hour 20 mins ago
45.57.234.59,3128,US,United States,transparent,no,no,1 hour 20 mins ago
45.57.197.208,3128,US,United States,transparent,no,no,1 hour 20 mins ago
104.165.169.224,3128,GB,United Kingdom,transparent,no,no,1 hour 20 mins ago
104.165.127.87,3128,GB,United Kingdom,transparent,no,no,1 hour 20 mins ago
205.164.19.112,3128,BR,Brazil,transparent,no,no,1 hour 20 mins ago
138.128.114.162,7728,US,United States,transparent,no,no,1 hour 20 mins ago
23.229.105.47,3128,US,United States,transparent,no,no,1 hour 20 mins ago
156.227.14.71,3128,BR,Brazil,transparent,no,no,1 hour 20 mins ago
107.173.98.20,3128,US,United States,transparent,no,no,1 hour 20 mins ago
138.128.127.87,3128,US,United States,transparent,no,no,1 hour 20 mins ago
138.128.122.168,3128,US,United States,transparent,no,no,1 hour 20 mins ago
179.61.248.120,5211,DE,Germany,transparent,no,no,1 hour 20 mins ago
23.254.79.13,3128,US,United States,transparent,no,no,1 hour 20 mins ago
192.177.148.234,3128,BR,Brazil,transparent,no,no,1 hour 20 mins ago
104.144.210.30,3128,US,United States,transparent,no,no,1 hour 20 mins ago
154.202.125.72,3128,US,United States,transparent,no,no,1 hour 20 mins ago
51.89.131.43,29842,NL,Netherlands,transparent,no,no,1 hour 20 mins ago
172.245.166.224,3128,US,United States,transparent,no,no,1 hour 20 mins ago
104.227.202.140,3128,US,United States,transparent,no,no,1 hour 20 mins ago
107.179.60.221,5253,US,United States,transparent,no,no,1 hour 20 mins ago
192.3.245.14,3128,US,United States,transparent,no,no,1 hour 20 mins ago
209.127.76.8,3128,CA,Canada,transparent,no,no,1 hour 20 mins ago
209.127.76.33,3128,CA,Canada,transparent,no,no,1 hour 20 mins ago
107.152.157.211,3128,US,United States,transparent,no,no,1 hour 20 mins ago
209.127.76.66,3128,CA,Canada,transparent,no,no,1 hour 20 mins ago
154.194.8.25,5556,FR,France,transparent,no,no,1 hour 20 mins ago
192.210.182.95,3128,US,United States,transparent,no,no,1 hour 20 mins ago
38.15.148.113,3128,CA,Canada,transparent,no,no,1 hour 20 mins ago
138.128.118.190,3128,US,United States,transparent,no,no,1 hour 20 mins ago
209.127.39.101,3128,CA,Canada,transparent,no,no,1 hour 20 mins ago
104.164.183.204,3128,GB,United Kingdom,transparent,no,no,1 hour 20 mins ago
45.72.12.218,3128,US,United States,transparent,no,no,1 hour 20 mins ago
104.227.206.209,3128,US,United States,transparent,no,no,1 hour 20 mins ago
157.52.174.154,6363,US,United States,transparent,no,no,1 hour 20 mins ago
104.252.131.178,3128,GB,United Kingdom,transparent,no,no,1 hour 20 mins ago
161.123.151.124,6108,VN,Vietnam,transparent,no,no,1 hour 20 mins ago
192.210.182.68,3128,US,United States,transparent,no,no,1 hour 20 mins ago
38.15.148.165,3128,CA,Canada,transparent,no,no,1 hour 20 mins ago
138.128.113.82,3128,US,United States,transparent,no,no,1 hour 20 mins ago
23.229.116.3,3128,US,United States,transparent,no,no,1 hour 20 mins ago
185.99.96.20,8535,SC,Seychelles,transparent,no,no,1 hour 20 mins ago
45.57.204.7,3128,US,United States,transparent,no,no,1 hour 20 mins ago
23.236.236.250,3128,US,United States,transparent,no,no,1 hour 20 mins ago
156.238.5.212,5553,DE,Germany,transparent,no,no,1 hour 20 mins ago
45.8.134.30,7046,DE,Germany,transparent,no,no,1 hour 20 mins ago
23.27.240.71,3128,GB,United Kingdom,transparent,no,no,1 hour 20 mins ago
154.85.100.147,5188,DE,Germany,transparent,no,no,1 hour 20 mins ago
45.72.12.235,3128,US,United States,transparent,no,no,1 hour 20 mins ago
23.250.104.249,3128,US,United States,transparent,no,no,1 hour 20 mins ago
45.94.46.45,6059,SC,Seychelles,transparent,no,no,1 hour 20 mins ago
154.83.9.86,3128,US,United States,transparent,no,no,1 hour 20 mins ago
176.116.231.134,7476,RO,Romania,transparent,no,no,1 hour 20 mins ago
23.230.42.229,3128,GB,United Kingdom,transparent,no,no,1 hour 20 mins ago
193.27.19.124,7210,SC,Seychelles,transparent,no,no,1 hour 20 mins ago
185.100.215.174,3128,BR,Brazil,transparent,no,no,1 hour 20 mins ago
154.202.118.92,3128,US,United States,transparent,no,no,1 hour 20 mins ago
154.85.126.1,5008,FR,France,transparent,no,no,1 hour 20 mins ago
192.210.182.63,3128,US,United States,transparent,no,no,1 hour 20 mins ago
209.127.31.233,3128,CA,Canada,transparent,no,no,1 hour 20 mins ago
107.152.157.202,3128,US,United States,transparent,no,no,1 hour 20 mins ago
45.128.245.198,9209,SC,Seychelles,transparent,no,no,1 hour 20 mins ago
38.15.148.253,3128,CA,Canada,transparent,no,no,1 hour 20 mins ago
45.57.235.92,3128,US,United States,transparent,no,no,1 hour 20 mins ago
23.229.59.186,3128,US,United States,transparent,no,no,1 hour 20 mins ago
154.202.119.146,3128,US,United States,transparent,no,no,1 hour 20 mins ago
154.85.100.45,5086,DE,Germany,transparent,no,no,1 hour 20 mins ago
154.202.126.185,3128,US,United States,transparent,no,no,1 hour 20 mins ago
172.245.166.191,3128,US,United States,transparent,no,no,1 hour 20 mins ago
185.100.215.252,3128,BR,Brazil,transparent,no,no,1 hour 20 mins ago
104.144.205.205,3128,US,United States,transparent,no,no,1 hour 20 mins ago
144.168.236.4,3128,US,United States,transparent,no,no,1 hour 20 mins ago
45.57.168.118,7122,US,United States,transparent,no,no,1 hour 20 mins ago
80.253.250.158,5495,SC,Seychelles,transparent,no,no,1 hour 20 mins ago
156.239.59.24,3128,BR,Brazil,transparent,no,no,1 hour 20 mins ago
161.123.130.172,5843,FR,France,transparent,no,no,1 hour 20 mins ago
45.72.12.203,3128,US,United States,transparent,no,no,1 hour 20 mins ago
104.252.131.58,3128,GB,United Kingdom,transparent,no,no,1 hour 20 mins ago
84.21.190.53,6054,US,United States,transparent,no,no,1 hour 20 mins ago
161.123.151.210,6194,VN,Vietnam,transparent,no,no,1 hour 20 mins ago
209.127.31.204,3128,CA,Canada,transparent,no,no,1 hour 20 mins ago
107.152.212.19,3128,US,United States,transparent,no,no,1 hour 20 mins ago
104.144.5.2,3128,US,United States,transparent,no,no,1 hour 20 mins ago
138.128.113.246,3128,US,United States,transparent,no,no,1 hour 20 mins ago
45.57.197.198,3128,US,United States,transparent,no,no,1 hour 20 mins ago
104.144.183.187,3128,US,United States,transparent,no,no,1 hour 20 mins ago
23.27.131.42,3128,BR,Brazil,transparent,no,no,1 hour 20 mins ago
38.15.148.129,3128,CA,Canada,transparent,no,no,1 hour 20 mins ago
154.16.243.238,6382,US,United States,transparent,no,no,1 hour 20 mins ago
192.177.191.158,3128,BR,Brazil,transparent,no,no,1 hour 20 mins ago
45.8.134.89,7105,DE,Germany,transparent,no,no,1 hour 20 mins ago
38.15.148.197,3128,CA,Canada,transparent,no,no,1 hour 20 mins ago
104.144.203.99,3128,US,United States,transparent,no,no,1 hour 20 mins ago
186.179.23.212,5256,US,United States,transparent,no,no,1 hour 20 mins ago
23.230.42.181,3128,GB,United Kingdom,transparent,no,no,1 hour 20 mins ago
23.230.167.191,3128,GB,United Kingdom,transparent,no,no,1 hour 20 mins ago
209.127.39.77,3128,CA,Canada,transparent,no,no,1 hour 20 mins ago
209.127.76.208,3128,CA,Canada,transparent,no,no,1 hour 20 mins ago
154.202.116.144,3128,US,United States,transparent,no,no,1 hour 20 mins ago
91.246.193.182,6439,DE,Germany,transparent,no,no,1 hour 20 mins ago
104.227.208.228,3128,US,United States,transparent,no,no,1 hour 20 mins ago
185.139.27.42,3128,BR,Brazil,transparent,no,no,1 hour 20 mins ago
172.245.166.232,3128,US,United States,transparent,no,no,1 hour 20 mins ago
38.15.148.109,3128,CA,Canada,transparent,no,no,1 hour 20 mins ago
104.227.203.156,3128,US,United States,transparent,no,no,1 hour 20 mins ago
23.230.42.101,3128,GB,United Kingdom,transparent,no,no,1 hour 20 mins ago
45.57.235.75,3128,US,United States,transparent,no,no,1 hour 20 mins ago
45.39.72.85,3128,GB,United Kingdom,transparent,no,no,1 hour 20 mins ago
45.130.125.183,6200,SC,Seychelles,transparent,no,no,1 hour 20 mins ago
45.94.47.211,8255,SC,Seychelles,transparent,no,no,1 hour 20 mins ago
104.252.131.194,3128,GB,United Kingdom,transparent,no,no,1 hour 20 mins ago
45.57.193.2,3128,US,United States,transparent,no,no,1 hour 20 mins ago
192.241.73.59,3128,US,United States,transparent,no,no,1 hour 20 mins ago
38.15.148.161,3128,CA,Canada,transparent,no,no,1 hour 20 mins ago
104.164.183.196,3128,GB,United Kingdom,transparent,no,no,1 hour 20 mins ago
209.127.76.170,3128,CA,Canada,transparent,no,no,1 hour 20 mins ago
45.39.72.93,3128,GB,United Kingdom,transparent,no,no,1 hour 20 mins ago
38.15.148.121,3128,CA,Canada,transparent,no,no,1 hour 20 mins ago
192.210.159.250,3128,US,United States,transparent,no,no,1 hour 20 mins ago
154.202.107.64,3128,US,United States,transparent,no,no,1 hour 20 mins ago
45.152.208.161,8192,DE,Germany,transparent,no,no,1 hour 20 mins ago
45.39.72.149,3128,GB,United Kingdom,transparent,no,no,1 hour 20 mins ago
192.210.182.71,3128,US,United States,transparent,no,no,1 hour 20 mins ago
154.202.126.39,3128,US,United States,transparent,no,no,1 hour 20 mins ago
45.8.134.93,7109,DE,Germany,transparent,no,no,1 hour 20 mins ago
107.152.157.236,3128,US,United States,transparent,no,no,1 hour 20 mins ago
23.229.100.120,3128,US,United States,transparent,no,no,1 hour 20 mins ago
104.144.20.205,3128,US,United States,transparent,no,no,1 hour 20 mins ago
38.15.148.65,3128,CA,Canada,transparent,no,no,1 hour 20 mins ago
209.127.76.180,3128,CA,Canada,transparent,no,no,1 hour 20 mins ago
171.22.116.91,6899,US,United States,transparent,no,no,1 hour 20 mins ago
154.83.43.6,3128,US,United States,transparent,no,no,1 hour 20 mins ago
154.95.32.161,5214,CH,Switzerland,transparent,no,no,1 hour 20 mins ago
172.245.220.136,3128,US,United States,transparent,no,no,1 hour 20 mins ago
172.245.166.63,3128,US,United States,transparent,no,no,1 hour 20 mins ago
23.236.197.251,3128,US,United States,transparent,no,no,1 hour 20 mins ago
209.127.76.152,3128,CA,Canada,transparent,no,no,1 hour 20 mins ago
104.252.131.31,3128,GB,United Kingdom,transparent,no,no,1 hour 20 mins ago
80.253.249.12,5055,SC,Seychelles,transparent,no,no,1 hour 20 mins ago
138.128.34.43,3128,US,United States,transparent,no,no,1 hour 20 mins ago
45.57.234.35,3128,US,United States,transparent,no,no,1 hour 20 mins ago
209.127.76.225,3128,CA,Canada,transparent,no,no,1 hour 20 mins ago
45.57.234.4,3128,US,United States,transparent,no,no,1 hour 20 mins ago
193.8.1.39,6576,SC,Seychelles,transparent,no,no,1 hour 20 mins ago
192.177.191.142,3128,BR,Brazil,transparent,no,no,1 hour 20 mins ago
45.39.72.53,3128,GB,United Kingdom,transparent,no,no,1 hour 20 mins ago
45.146.131.89,3128,BR,Brazil,transparent,no,no,1 hour 20 mins ago
45.135.36.185,6264,SC,Seychelles,transparent,no,no,1 hour 20 mins ago
113.30.153.85,5421,FR,France,transparent,no,no,1 hour 20 mins ago
45.146.131.15,3128,BR,Brazil,transparent,no,no,1 hour 20 mins ago
185.139.27.8,3128,BR,Brazil,transparent,no,no,1 hour 20 mins ago
45.8.134.37,7053,DE,Germany,transparent,no,no,1 hour 20 mins ago
23.229.116.18,3128,US,United States,transparent,no,no,1 hour 20 mins ago
192.177.191.201,3128,BR,Brazil,transparent,no,no,1 hour 20 mins ago
185.139.27.239,3128,BR,Brazil,transparent,no,no,1 hour 20 mins ago
107.173.98.47,3128,US,United States,transparent,no,no,1 hour 20 mins ago
192.177.148.36,3128,BR,Brazil,transparent,no,no,1 hour 20 mins ago
209.127.76.189,3128,CA,Canada,transparent,no,no,1 hour 20 mins ago
104.165.127.182,3128,GB,United Kingdom,transparent,no,no,1 hour 20 mins ago
172.245.166.156,3128,US,United States,transparent,no,no,1 hour 20 mins ago
45.39.72.205,3128,GB,United Kingdom,transparent,no,no,1 hour 20 mins ago
209.127.39.81,3128,CA,Canada,transparent,no,no,1 hour 20 mins ago
154.85.126.143,5150,FR,France,transparent,no,no,1 hour 20 mins ago
23.229.100.98,3128,US,United States,transparent,no,no,1 hour 20 mins ago
