Ip Address,Port,Country, City,Ping â‡¡,Type,Anonymity,Uptime â‡¡,Last Status,Last Check â‡¡
176.236.101.194,8111,Turkey, Ankara,197,SOCKS5,Anonymous,35,0% (7),OK,2 seconds
183.82.112.94,8111,India, Hyderabad,321,SOCKS5,Anonymous,50,0% (8),OK,3 seconds
85.97.204.198,8111,Turkey, Istanbul,274,SOCKS5,Anonymous,28,6% (4),OK,17 seconds
139.99.123.53,19000,Singapore, Singapore,541,SOCKS5,Anonymous,93,7% (1483),OK,33 seconds
172.101.243.121,8111,United States, Rochester,405,SOCKS5,Anonymous,47,6% (10),OK,39 seconds
221.195.143.239,55653,China, Shijiazhuang,818,SOCKS5,Anonymous,56,5% (173),OK,49 seconds
104.131.118.147,63620,United States, Clifton,714,SOCKS5,Anonymous,50,0% (3),OK,54 seconds
72.11.189.140,8111,Canada, Napierville,195,SOCKS5,Anonymous,46,2% (6),OK,57 seconds
195.142.153.102,8111,Turkey, Istanbul,284,SOCKS5,Anonymous,52,2% (12),OK,1 minutes
50.63.13.228,33226,United States, Tempe,453,SOCKS5,Anonymous,38,5% (5),OK,1 minutes
185.139.152.128,19895,United Kingdom, London,847,SOCKS5,Anonymous,28,6% (4),OK,1 minutes
185.6.10.41,21305,Sweden, Stockholm,143,SOCKS5,Anonymous,35,7% (5),OK,2 minutes
139.255.153.146,8111,Indonesia, Jakarta,889,SOCKS5,Anonymous,48,8% (21),OK,2 minutes
98.167.130.62,8111,United States, Avondale,469,SOCKS5,Anonymous,New (1),OK,2 minutes
136.52.106.206,8111,United States, Irvine,329,SOCKS5,Anonymous,31,2% (5),OK,2 minutes
68.106.251.115,8111,United States, Phoenix,522,SOCKS5,Anonymous,53,3% (8),OK,2 minutes
14.139.54.243,8111,India, Rishikesh,602,SOCKS5,Anonymous,40,5% (15),OK,2 minutes
78.188.223.37,8111,Turkey, Izmir,575,SOCKS5,Anonymous,100,0% (4),OK,2 minutes
96.87.31.213,8111,United States, Tuscaloosa,243,SOCKS5,Anonymous,30,4% (7),OK,3 minutes
51.254.211.171,7497,France, Gravelines,380,SOCKS5,Anonymous,44,5% (1532),OK,3 minutes
182.48.205.27,8111,India, Mumbai,935,SOCKS5,Anonymous,38,7% (12),OK,3 minutes
212.154.53.178,8111,Turkey, Besiktas,312,SOCKS5,Anonymous,33,3% (8),OK,3 minutes
125.253.125.132,46051,Vietnam, Ho Chi Minh City,371,SOCKS5,Anonymous,48,0% (12),OK,3 minutes
95.217.162.240,10801,Finland, Helsinki,188,SOCKS5,Anonymous,87,1% (236),OK,3 minutes
103.74.187.28,8111,Australia, Melbourne,367,SOCKS5,Anonymous,38,1% (8),OK,4 minutes
180.94.91.58,8111,Afghanistan, Kabul,889,SOCKS5,Anonymous,42,3% (11),OK,4 minutes
14.99.238.202,8111,India, New Delhi,677,SOCKS5,Anonymous,37,5% (9),OK,4 minutes
175.111.130.14,8111,India, Jaipur,298,SOCKS5,Anonymous,33,3% (2),OK,4 minutes
73.85.64.39,8111,United States, Lake Worth,948,SOCKS5,Anonymous,New (1),OK,4 minutes
66.175.219.38,31735,United States, Fremont,191,SOCKS5,Anonymous,43,5% (10),OK,4 minutes
197.248.135.115,8111,Kenya, Nairobi,790,SOCKS5,Anonymous,60,0% (3),OK,4 minutes
78.186.61.69,8111,Turkey, Istanbul,945,SOCKS5,Anonymous,New (1),OK,4 minutes
149.3.30.3,4153,SOCKS5
72.217.216.239,4145,SOCKS5
117.160.250.132,8080,SOCKS5
81.214.69.236,8111,SOCKS5
182.61.201.201,80,SOCKS5
112.54.41.177,9091,SOCKS5
199.172.200.210,8111,SOCKS5
192.252.215.5,16137,SOCKS5
186.211.105.202,43573,SOCKS5
185.56.246.76,8291,SOCKS5
217.56.67.34,8111,SOCKS5
24.246.215.41,8111,SOCKS5
80.249.112.162,80,SOCKS5
98.162.25.16,4145,SOCKS5
185.78.16.76,5678,SOCKS5
58.27.59.249,80,SOCKS5
117.160.250.137,9999,SOCKS5
193.29.63.45,57299,SOCKS5
94.23.163.141,23907,SOCKS5
143.255.141.113,5678,SOCKS5
173.212.245.45,19751,SOCKS5
45.124.12.10,80,SOCKS5
72.195.34.42,4145,SOCKS5
91.93.65.59,8080,SOCKS5
73.237.191.10,8111,SOCKS5
107.173.149.76,47498,SOCKS5
103.97.88.10,8111,SOCKS5
218.158.198.89,8001,SOCKS5
38.125.97.229,17493,SOCKS5
68.1.210.163,4145,SOCKS5
201.184.230.34,5678,SOCKS5
115.242.174.42,8111,SOCKS5
98.162.96.41,4145,SOCKS5
103.130.113.129,5678,SOCKS5
124.158.160.179,5678,SOCKS5
190.104.254.230,4153,SOCKS5
89.216.101.99,5678,SOCKS5
216.113.55.179,8111,SOCKS5
182.74.122.37,8111,SOCKS5
186.235.187.14,4153,SOCKS5
60.190.195.146,1080,SOCKS5
207.5.53.123,8111,SOCKS5
103.56.205.79,5678,SOCKS5
157.245.1.59,27808,SOCKS5
117.160.250.130,9999,SOCKS5
197.248.224.113,8111,SOCKS5
120.237.144.200,9091,SOCKS5
212.72.149.234,4145,SOCKS5
79.135.41.0,8111,SOCKS5
176.99.2.43,1081,SOCKS5
192.111.137.35,4145,SOCKS5
59.23.116.50,8111,SOCKS5
193.187.187.112,80,SOCKS5
117.160.250.137,80,SOCKS5
98.175.31.195,4145,SOCKS5
223.165.243.209,47205,SOCKS5
120.196.186.248,9091,SOCKS5
38.125.89.156,60432,SOCKS5
137.118.222.168,8111,SOCKS5
78.187.194.145,8111,SOCKS5
98.162.25.4,31654,SOCKS5
5.34.74.234,5678,SOCKS5
212.83.137.150,12637,SOCKS5
51.79.248.215,25693,SOCKS5
103.161.122.151,30199,SOCKS5
70.60.45.221,8111,SOCKS5
192.111.130.2,4145,SOCKS5
88.247.207.197,8111,SOCKS5
116.212.142.231,33427,SOCKS5
45.156.176.1,4153,SOCKS5
73.85.200.240,8111,SOCKS5
186.24.12.93,999,SOCKS5
85.25.91.141,32808,SOCKS5
192.111.130.5,17002,SOCKS5
170.76.157.29,8111,SOCKS5
138.197.66.68,50481,SOCKS5
68.225.63.40,8111,SOCKS5
101.200.220.107,8080,SOCKS5
207.230.114.43,50991,SOCKS5
47.57.188.208,80,SOCKS5
68.185.58.178,8111,SOCKS5
182.71.146.148,5678,SOCKS5
216.8.216.135,8111,SOCKS5
181.129.52.156,44665,SOCKS5
103.81.64.74,1080,SOCKS5
202.164.209.56,56789,SOCKS5
120.82.174.128,9091,SOCKS5
209.20.136.61,8111,SOCKS5
183.82.1.65,8111,SOCKS5
202.164.211.89,1088,SOCKS5
98.188.47.132,4145,SOCKS5
113.160.247.27,19132,SOCKS5
146.190.224.4,8888,SOCKS5
87.121.49.238,4145,SOCKS5
77.235.23.130,5678,SOCKS5
117.160.250.131,81,SOCKS5
86.28.76.188,4145,SOCKS5
186.208.139.192,8080,SOCKS5
173.248.6.157,8111,SOCKS5
85.234.38.247,3128,SOCKS5
93.87.73.58,1080,SOCKS5
73.253.23.24,8111,SOCKS5
39.170.42.90,9091,SOCKS5
190.145.58.106,5678,SOCKS5
125.66.100.112,9091,SOCKS5
140.190.61.160,8111,SOCKS5
38.125.97.253,17493,SOCKS5
178.32.98.97,19366,SOCKS5
193.3.52.5,8080,SOCKS5
92.42.8.21,4145,SOCKS5
181.115.144.182,5678,SOCKS5
37.236.59.83,8080,SOCKS5
98.188.47.150,4145,SOCKS5
212.46.230.102,6969,SOCKS5
138.185.142.107,8111,SOCKS5
27.72.122.228,51067,SOCKS5
185.139.56.133,4145,SOCKS5
50.47.75.219,5678,SOCKS5
196.27.105.130,4153,SOCKS5
201.71.2.167,999,SOCKS5
137.118.140.98,8111,SOCKS5
46.35.107.152,8111,SOCKS5
192.155.86.27,63099,SOCKS5
190.61.4.74,35721,SOCKS5
45.238.57.1,3629,SOCKS5
114.34.252.31,8111,SOCKS5
186.194.234.18,4153,SOCKS5
222.179.155.90,9091,SOCKS5
202.152.135.162,8080,SOCKS5
45.251.34.210,8111,SOCKS5
95.71.125.50,49882,SOCKS5
70.166.167.55,57745,SOCKS5
68.71.247.130,4145,SOCKS5
121.91.230.53,18738,SOCKS5
196.216.13.36,5678,SOCKS5
193.122.71.184,3128,SOCKS5
123.119.113.120,3000,SOCKS5
110.164.3.7,8888,SOCKS5
217.66.206.156,5678,SOCKS5
38.94.34.232,19061,SOCKS5
67.204.3.233,13135,SOCKS5
117.160.250.131,80,SOCKS5
88.250.86.56,8111,SOCKS5
69.58.156.219,8111,SOCKS5
45.149.77.141,7000,SOCKS5
103.169.24.118,3127,SOCKS5
138.94.92.26,7497,SOCKS5
112.6.117.178,8085,SOCKS5
46.201.89.18,8080,SOCKS5
193.23.50.115,8002,SOCKS5
45.5.119.86,4153,SOCKS5
194.53.158.57,53281,SOCKS5
173.212.250.65,1380,SOCKS5
139.195.10.122,8080,SOCKS5
175.24.79.130,8001,SOCKS5
172.105.41.112,15888,SOCKS5
123.182.59.223,8089,SOCKS5
182.16.185.12,8080,SOCKS5
103.109.56.245,1080,SOCKS5
98.163.195.152,8111,SOCKS5
38.125.84.82,54075,SOCKS5
190.182.88.226,31883,SOCKS5
58.246.58.150,9002,SOCKS5
117.160.250.130,80,SOCKS5
103.151.214.70,8080,SOCKS5
61.216.105.235,8111,SOCKS5
69.41.198.126,8111,SOCKS5
103.97.46.214,83,SOCKS5
46.1.103.186,10001,SOCKS5
202.138.240.2,8080,SOCKS5
211.138.6.37,9091,SOCKS5
182.70.121.238,8111,SOCKS5
211.248.241.66,3128,SOCKS5
200.170.175.162,8081,SOCKS5
92.255.205.160,53281,SOCKS5
201.229.250.22,8080,SOCKS5
38.65.139.48,999,SOCKS5
85.195.104.71,80,SOCKS5
115.164.146.18,13629,SOCKS5
43.242.135.182,80,SOCKS5
103.59.203.185,4145,SOCKS5
54.38.242.224,31143,SOCKS5
177.71.77.202,20183,SOCKS5
192.111.137.34,18765,SOCKS5
81.16.245.179,53281,SOCKS5
65.108.152.50,10022,SOCKS5
83.229.72.174,80,SOCKS5
177.12.177.242,4153,SOCKS5
103.209.230.129,8080,SOCKS5
203.154.111.150,45909,SOCKS5
45.167.125.97,9992,SOCKS5
120.196.188.21,9091,SOCKS5
187.115.10.50,20183,SOCKS5
177.12.118.160,80,SOCKS5
178.128.163.157,17560,SOCKS5
117.160.250.131,82,SOCKS5
46.35.121.2,8111,SOCKS5
201.65.121.66,4145,SOCKS5
176.118.51.82,3629,SOCKS5
86.109.33.38,8080,SOCKS5
51.15.201.113,14534,SOCKS5
103.169.159.121,1088,SOCKS5
103.15.245.18,4153,SOCKS5
201.222.44.18,999,SOCKS5
41.188.149.73,80,SOCKS5
184.178.172.25,15291,SOCKS5
202.158.76.142,2121,SOCKS5
103.161.122.151,30156,SOCKS5
190.195.225.34,8080,SOCKS5
213.230.97.98,3128,SOCKS5
184.181.217.213,4145,SOCKS5
38.125.94.231,60432,SOCKS5
173.212.250.65,22381,SOCKS5
79.101.45.94,54037,SOCKS5
54.38.134.219,41800,SOCKS5
181.209.97.190,9998,SOCKS5
49.205.181.211,8111,SOCKS5
103.77.60.14,80,SOCKS5
109.207.105.200,6969,SOCKS5
130.193.56.73,5002,SOCKS5
85.143.173.110,9999,SOCKS5
36.66.83.103,8080,SOCKS5
185.248.12.38,9090,SOCKS5
14.207.133.62,8080,SOCKS5
103.251.219.242,8111,SOCKS5
103.40.122.194,1080,SOCKS5
5.172.38.4,1080,SOCKS5
98.162.25.29,31679,SOCKS5
157.230.97.17,8888,SOCKS5
213.6.227.38,45730,SOCKS5
178.128.163.157,22856,SOCKS5
117.160.250.133,8081,SOCKS5
184.185.2.12,4145,SOCKS5
181.209.111.149,999,SOCKS5
183.87.106.126,23500,SOCKS5
45.225.205.5,999,SOCKS5
89.58.39.225,80,SOCKS5
91.92.209.67,8085,SOCKS5
117.160.250.132,8081,SOCKS5
218.28.98.229,9091,SOCKS5
194.145.138.52,9090,SOCKS5
176.118.46.24,1080,SOCKS5
101.51.96.178,8080,SOCKS5
117.160.250.137,82,SOCKS5
213.14.173.183,8111,SOCKS5
103.156.17.230,3125,SOCKS5
103.78.170.13,83,SOCKS5
174.77.111.197,4145,SOCKS5
142.147.114.134,8111,SOCKS5
117.160.250.132,80,SOCKS5
14.139.239.210,8111,SOCKS5
36.37.107.210,4153,SOCKS5
66.38.88.185,8111,SOCKS5
103.217.173.210,53905,SOCKS5
173.242.130.54,8111,SOCKS5
103.233.152.179,1080,SOCKS5
36.67.237.146,3128,SOCKS5
120.197.219.82,9091,SOCKS5
72.195.34.41,4145,SOCKS5
41.188.149.75,80,SOCKS5
192.111.138.29,4145,SOCKS5
114.134.88.174,8080,SOCKS5
190.221.152.130,56142,SOCKS5
60.217.64.237,35292,SOCKS5
91.109.239.179,8111,SOCKS5
95.165.163.188,36496,SOCKS5
216.221.94.20,8111,SOCKS5
103.161.122.151,30160,SOCKS5
88.249.20.78,8111,SOCKS5
62.193.110.132,1976,SOCKS5
5.45.75.98,53717,SOCKS5
121.4.122.206,35617,SOCKS5
112.78.170.250,5678,SOCKS5
183.89.161.106,8080,SOCKS5
183.82.103.168,8111,SOCKS5
200.188.151.212,8080,SOCKS5
192.252.209.155,14455,SOCKS5
45.184.155.226,999,SOCKS5
188.132.222.10,8080,SOCKS5
185.51.10.19,80,SOCKS5
190.115.4.51,999,SOCKS5
208.102.51.6,58208,SOCKS5
192.111.129.145,16894,SOCKS5
120.76.200.189,1080,SOCKS5
184.181.217.206,4145,SOCKS5
89.46.238.108,53281,SOCKS5
72.221.232.155,4145,SOCKS5
167.235.253.170,9999,SOCKS5
36.66.36.251,4153,SOCKS5
138.255.240.66,40736,SOCKS5
195.201.151.225,19674,SOCKS5
190.107.233.232,999,SOCKS5
81.16.1.71,5678,SOCKS5
81.37.49.8,18080,SOCKS5
103.76.190.129,4153,SOCKS5
159.223.173.156,33015,SOCKS5
193.3.20.13,80,SOCKS5
212.156.97.42,8111,SOCKS5
181.48.63.206,4153,SOCKS5
81.4.156.18,8111,SOCKS5
178.32.108.118,1080,SOCKS5
102.38.22.72,8080,SOCKS5
149.54.11.3,8111,SOCKS5
120.237.144.57,9091,SOCKS5
139.9.62.22,80,SOCKS5
85.133.229.10,1080,SOCKS5
198.0.198.132,54321,SOCKS5
101.255.16.102,8080,SOCKS5
95.0.60.156,8111,SOCKS5
110.40.138.124,8080,SOCKS5
182.148.254.81,8081,SOCKS5
111.10.23.152,84,SOCKS5
38.94.34.132,17493,SOCKS5
5.161.86.206,1080,SOCKS5
118.107.44.181,8000,SOCKS5
88.199.164.141,8081,SOCKS5
192.241.249.237,53884,SOCKS5
173.0.17.118,8111,SOCKS5
58.222.193.162,2222,SOCKS5
103.36.8.178,3125,SOCKS5
38.125.89.92,34355,SOCKS5
184.178.172.17,4145,SOCKS5
91.109.237.181,8111,SOCKS5
93.177.229.164,9812,SOCKS5
103.148.225.6,5678,SOCKS5
41.180.65.114,8111,SOCKS5
72.206.181.105,64935,SOCKS5
92.84.56.10,50782,SOCKS5
195.248.242.77,53542,SOCKS5
103.59.203.189,4145,SOCKS5
45.189.254.150,999,SOCKS5
159.69.153.169,5566,SOCKS5
42.228.61.245,9091,SOCKS5
47.108.167.35,80,SOCKS5
139.59.88.145,8888,SOCKS5
184.181.217.210,4145,SOCKS5
93.83.108.58,4153,SOCKS5
82.200.150.194,443,SOCKS5
81.4.143.210,8111,SOCKS5
117.160.250.137,81,SOCKS5
194.31.33.36,8080,SOCKS5
103.250.163.65,8111,SOCKS5
109.238.223.67,61150,SOCKS5
68.109.179.132,8111,SOCKS5
104.37.135.145,4145,SOCKS5
198.49.68.80,80,SOCKS5
103.58.95.5,8080,SOCKS5
212.102.103.134,4153,SOCKS5
107.4.103.165,8111,SOCKS5
161.35.140.31,8888,SOCKS5
3.82.137.218,3000,SOCKS5
168.0.239.224,8787,SOCKS5
103.214.156.14,5678,SOCKS5
85.105.51.166,8111,SOCKS5
107.139.143.78,8111,SOCKS5
72.210.221.223,4145,SOCKS5
174.84.2.233,8111,SOCKS5
167.99.201.165,9429,SOCKS5
107.178.2.158,8111,SOCKS5
103.169.254.57,3125,SOCKS5
45.70.196.235,999,SOCKS5
158.140.177.152,3125,SOCKS5
168.227.158.61,4145,SOCKS5
201.71.2.144,999,SOCKS5
197.232.21.22,36267,SOCKS5
103.158.253.32,5678,SOCKS5
131.0.246.113,4153,SOCKS5
167.235.253.160,9999,SOCKS5
103.85.103.41,5678,SOCKS5
72.210.252.137,4145,SOCKS5
154.236.177.120,1981,SOCKS5
116.58.122.50,5678,SOCKS5
98.181.137.80,4145,SOCKS5
190.56.9.158,999,SOCKS5
46.35.124.234,8111,SOCKS5
80.191.244.100,3128,SOCKS5
66.42.127.103,10476,SOCKS5
201.77.108.225,999,SOCKS5
92.86.92.126,42740,SOCKS5
202.167.222.126,4145,SOCKS5
187.188.82.138,8111,SOCKS5
183.237.47.54,9091,SOCKS5
117.160.250.130,81,SOCKS5
183.87.135.48,8111,SOCKS5
85.105.166.12,8111,SOCKS5
65.74.124.117,8111,SOCKS5
103.160.232.122,8080,SOCKS5
121.101.133.59,8080,SOCKS5
167.99.201.165,38924,SOCKS5
184.178.172.23,4145,SOCKS5
50.30.114.235,8111,SOCKS5
103.245.205.142,35158,SOCKS5
85.235.184.186,3129,SOCKS5
78.186.49.153,8111,SOCKS5
143.198.40.24,8888,SOCKS5
119.13.78.93,1080,SOCKS5
38.125.89.127,60432,SOCKS5
67.201.33.10,25283,SOCKS5
37.44.238.2,63617,SOCKS5
138.68.172.40,5566,SOCKS5
190.61.4.74,52948,SOCKS5
103.117.192.174,80,SOCKS5
175.139.201.193,4153,SOCKS5
52.37.223.135,80,SOCKS5
182.75.29.106,8111,SOCKS5
45.149.43.56,53281,SOCKS5
209.150.255.182,8111,SOCKS5
45.167.125.61,9992,SOCKS5
213.7.203.58,4145,SOCKS5
189.201.191.17,4145,SOCKS5
138.185.140.142,8111,SOCKS5
24.140.140.8,8111,SOCKS5
143.198.182.218,80,SOCKS5
181.36.121.236,999,SOCKS5
115.90.219.181,4145,SOCKS5
113.179.176.71,5678,SOCKS5
154.236.189.14,1974,SOCKS5
24.192.199.173,8111,SOCKS5
74.206.79.113,8111,SOCKS5
170.84.51.234,55731,SOCKS5
178.128.163.157,64898,SOCKS5
72.48.168.91,8111,SOCKS5
66.98.0.107,4673,SOCKS5
72.195.34.60,27391,SOCKS5
117.102.115.158,4153,SOCKS5
103.74.198.34,8111,SOCKS5
103.161.122.151,30178,SOCKS5
45.226.185.2,8080,SOCKS5
117.160.250.133,8080,SOCKS5
206.189.118.100,8349,SOCKS5
178.212.53.3,1080,SOCKS5
41.58.169.214,5678,SOCKS5
5.165.2.223,3629,SOCKS5
202.137.141.26,5678,SOCKS5
110.232.67.44,55443,SOCKS5
134.249.151.4,40046,SOCKS5
72.210.208.101,4145,SOCKS5
144.24.238.60,8118,SOCKS5
96.43.248.209,8111,SOCKS5
236.17.246.104,8081,SOCKS5
103.127.1.130,80,SOCKS5
119.46.2.246,4145,SOCKS5
98.170.57.249,4145,SOCKS5
169.239.223.136,52178,SOCKS5
115.42.64.40,5678,SOCKS5
117.160.250.137,8080,SOCKS5
102.176.180.6,4153,SOCKS5
49.0.2.242,8090,SOCKS5
192.241.249.237,14981,SOCKS5
197.246.212.70,3030,SOCKS5
159.224.243.185,61303,SOCKS5
192.252.214.20,15864,SOCKS5
167.172.23.19,45889,SOCKS5
47.245.56.108,18181,SOCKS5
188.133.136.105,1256,SOCKS5
123.115.79.235,9000,SOCKS5
103.159.194.40,8080,SOCKS5
62.3.41.234,8080,SOCKS5
41.203.83.242,8080,SOCKS5
183.230.198.80,9091,SOCKS5
167.235.248.145,9999,SOCKS5
187.111.163.27,8080,SOCKS5
185.12.68.163,51626,SOCKS5
74.214.250.81,8111,SOCKS5
192.252.211.197,14921,SOCKS5
95.9.61.7,8111,SOCKS5
59.110.7.43,3129,SOCKS5
103.47.93.254,1080,SOCKS5
157.245.207.186,8080,SOCKS5
98.177.62.10,8111,SOCKS5
206.42.123.198,5678,SOCKS5
36.37.153.54,51080,SOCKS5
117.149.0.14,9091,SOCKS5
177.87.223.194,49233,SOCKS5
45.7.177.185,39867,SOCKS5
91.205.196.190,8080,SOCKS5
103.116.202.241,5678,SOCKS5
200.116.198.164,35683,SOCKS5
165.16.22.130,9999,SOCKS5
69.178.234.172,8111,SOCKS5
202.142.178.114,4153,SOCKS5
176.193.7.193,5678,SOCKS5
201.150.119.136,999,SOCKS5
36.67.27.189,39674,SOCKS5
117.160.250.130,82,SOCKS5
103.110.59.206,1088,SOCKS5
31.146.216.246,8080,SOCKS5
89.109.11.79,3128,SOCKS5
161.97.198.129,8111,SOCKS5
49.205.177.244,8111,SOCKS5
213.149.103.132,30861,SOCKS5
176.196.48.114,8080,SOCKS5
72.195.34.35,27360,SOCKS5
183.89.39.254,8081,SOCKS5
50.255.17.229,32100,SOCKS5
185.43.189.182,3629,SOCKS5
47.254.200.46,80,SOCKS5
115.42.64.42,5678,SOCKS5
167.99.201.165,19629,SOCKS5
190.3.72.39,3629,SOCKS5
103.1.105.10,4153,SOCKS5
223.100.178.167,9091,SOCKS5
103.127.185.29,8111,SOCKS5
85.62.10.82,8080,SOCKS5
51.91.11.128,56548,SOCKS5
85.132.29.134,8080,SOCKS5
36.89.229.97,50540,SOCKS5
103.152.232.232,3125,SOCKS5
117.160.250.131,8081,SOCKS5
45.233.67.215,999,SOCKS5
5.45.75.98,51888,SOCKS5
203.190.117.206,80,SOCKS5
174.138.16.96,8888,SOCKS5
165.3.122.6,80,SOCKS5
50.192.195.69,39792,SOCKS5
38.49.131.188,999,SOCKS5
68.71.249.153,48606,SOCKS5
39.109.124.65,8080,SOCKS5
114.5.199.207,8080,SOCKS5
185.190.38.154,8080,SOCKS5
188.127.193.16,8111,SOCKS5
103.125.162.134,83,SOCKS5
159.65.116.119,30199,SOCKS5
182.93.69.74,5678,SOCKS5
116.202.214.98,3128,SOCKS5
117.54.114.101,80,SOCKS5
103.166.39.33,3629,SOCKS5
27.147.193.190,1080,SOCKS5
87.245.170.247,3128,SOCKS5
103.247.121.114,8080,SOCKS5
114.249.236.77,8000,SOCKS5
154.62.132.163,4153,SOCKS5
1.20.137.82,32241,SOCKS5
195.177.217.131,32503,SOCKS5
202.182.117.248,18562,SOCKS5
118.89.176.33,8118,SOCKS5
217.147.172.65,8118,SOCKS5
106.14.255.124,80,SOCKS5
191.53.112.170,45619,SOCKS5
142.93.108.171,3128,SOCKS5
217.182.73.234,44076,SOCKS5
167.172.228.60,5566,SOCKS5
49.231.0.178,58023,SOCKS5
187.72.1.252,4153,SOCKS5
200.25.225.29,3128,SOCKS5
85.105.100.116,8111,SOCKS5
41.190.69.110,4145,SOCKS5
218.6.173.81,443,SOCKS5
85.99.244.179,8111,SOCKS5
112.247.201.2,8060,SOCKS5
72.206.181.97,64943,SOCKS5
200.108.250.194,4153,SOCKS5
176.235.153.242,8111,SOCKS5
117.58.245.66,61393,SOCKS5
76.113.205.97,8111,SOCKS5
88.247.30.149,8111,SOCKS5
98.162.96.52,4145,SOCKS5
47.91.44.217,8000,SOCKS5
31.146.180.218,8080,SOCKS5
185.11.139.198,8088,SOCKS5
46.149.34.206,3629,SOCKS5
178.164.72.6,8111,SOCKS5
177.6.254.194,8080,SOCKS5
157.100.56.179,999,SOCKS5
24.249.199.12,4145,SOCKS5
103.143.63.11,3125,SOCKS5
80.244.226.92,8080,SOCKS5
213.14.72.135,1080,SOCKS5
190.181.24.206,8080,SOCKS5
43.243.174.26,84,SOCKS5
194.183.168.4,19098,SOCKS5
192.111.135.17,18302,SOCKS5
103.111.53.82,58033,SOCKS5
182.150.46.26,7890,SOCKS5
46.35.126.49,8111,SOCKS5
150.230.249.37,22913,SOCKS5
169.255.51.206,8111,SOCKS5
167.172.23.19,63181,SOCKS5
184.178.172.28,15294,SOCKS5
209.177.130.125,8111,SOCKS5
117.160.250.137,8081,SOCKS5
178.218.43.60,4411,SOCKS5
14.139.232.9,8111,SOCKS5
103.161.39.220,3128,SOCKS5
2.32.103.170,8111,SOCKS5
186.103.227.58,4153,SOCKS5
95.9.194.13,30436,SOCKS5
72.195.34.59,4145,SOCKS5
176.57.189.116,51083,SOCKS5
177.125.227.86,4145,SOCKS5
183.91.86.174,8080,SOCKS5
118.107.44.181,80,SOCKS5
36.67.8.27,5678,SOCKS5
1.231.61.109,8111,SOCKS5
200.231.188.18,4153,SOCKS5
188.120.248.106,7497,SOCKS5
188.132.222.6,8080,SOCKS5
38.125.84.136,17493,SOCKS5
81.91.137.46,8080,SOCKS5
103.60.138.2,4153,SOCKS5
192.111.139.162,4145,SOCKS5
73.185.8.210,8111,SOCKS5
113.160.234.147,57921,SOCKS5
188.235.130.50,8080,SOCKS5
78.186.252.141,8111,SOCKS5
88.248.6.34,8111,SOCKS5
190.96.18.88,5678,SOCKS5
8.242.177.250,999,SOCKS5
94.20.157.202,3128,SOCKS5
118.140.152.250,80,SOCKS5
96.11.22.188,8111,SOCKS5
40.129.203.4,8080,SOCKS5
194.38.3.242,5678,SOCKS5
123.182.58.105,8089,SOCKS5
85.105.76.230,8111,SOCKS5
192.69.126.125,8111,SOCKS5
109.86.213.138,36630,SOCKS5
109.94.182.128,4145,SOCKS5
104.144.235.78,7158,SOCKS5
173.212.245.45,41854,SOCKS5
201.184.135.155,4145,SOCKS5
202.131.233.187,5678,SOCKS5
103.12.246.41,4145,SOCKS5
187.72.110.82,4153,SOCKS5
197.232.65.40,55443,SOCKS5
138.219.244.154,6666,SOCKS5
59.152.233.78,8111,SOCKS5
167.99.201.165,44926,SOCKS5
151.80.119.118,808,SOCKS5
172.105.151.54,1080,SOCKS5
158.69.122.75,28695,SOCKS5
190.61.41.106,999,SOCKS5
103.163.134.4,8181,SOCKS5
77.89.251.138,4145,SOCKS5
93.105.171.249,4153,SOCKS5
192.252.208.67,14287,SOCKS5
103.44.14.129,4145,SOCKS5
200.35.49.57,42541,SOCKS5
188.95.20.138,5678,SOCKS5
187.44.1.248,5678,SOCKS5
177.241.250.250,5678,SOCKS5
144.22.245.207,8888,SOCKS5
60.2.44.182,34659,SOCKS5
43.228.131.115,32992,SOCKS5
43.245.219.106,8080,SOCKS5
193.228.161.10,4153,SOCKS5
202.57.46.138,4145,SOCKS5
202.131.234.194,8080,SOCKS5
219.143.118.67,80,SOCKS5
115.159.65.66,7300,SOCKS5
114.69.32.204,8080,SOCKS5
14.139.208.50,8111,SOCKS5
49.156.39.162,5678,SOCKS5
103.121.62.129,5678,SOCKS5
187.115.3.186,5678,SOCKS5
72.46.209.47,8111,SOCKS5
190.0.247.34,3128,SOCKS5
1.116.202.121,80,SOCKS5
220.247.164.130,5678,SOCKS5
200.127.19.94,4145,SOCKS5
38.133.200.94,31596,SOCKS5
45.71.113.97,999,SOCKS5
192.241.249.237,41745,SOCKS5
194.5.188.248,3128,SOCKS5
72.210.221.197,4145,SOCKS5
76.77.203.22,8111,SOCKS5
167.172.23.19,2760,SOCKS5
38.123.207.247,999,SOCKS5
103.183.60.226,9812,SOCKS5
192.252.208.70,14282,SOCKS5
184.181.217.201,4145,SOCKS5
185.43.249.148,39316,SOCKS5
187.102.149.122,8111,SOCKS5
103.133.25.18,8181,SOCKS5
87.121.18.154,5678,SOCKS5
137.118.214.216,8111,SOCKS5
176.192.70.58,8020,SOCKS5
85.113.140.121,3629,SOCKS5
81.17.57.163,56594,SOCKS5
202.56.163.110,8080,SOCKS5
193.106.191.184,4964,SOCKS5
212.154.81.187,8111,SOCKS5
186.97.233.58,5678,SOCKS5
36.37.251.171,5678,SOCKS5
103.139.242.173,83,SOCKS5
5.202.104.22,3128,SOCKS5
62.210.201.69,33447,SOCKS5
212.156.79.166,8111,SOCKS5
38.125.84.4,26127,SOCKS5
61.0.41.16,8111,SOCKS5
202.124.43.249,4145,SOCKS5
161.82.183.156,80,SOCKS5
201.222.45.68,999,SOCKS5
174.75.211.222,4145,SOCKS5
176.9.138.172,80,SOCKS5
103.242.14.8,48791,SOCKS5
112.51.96.118,9091,SOCKS5
158.255.74.133,3128,SOCKS5
203.76.112.68,5678,SOCKS5
21.208.154.229,80,SOCKS5
136.233.206.210,8111,SOCKS5
103.166.10.11,8181,SOCKS5
103.145.9.149,44550,SOCKS5
41.79.9.65,8111,SOCKS5
183.220.6.198,9091,SOCKS5
66.11.15.90,8111,SOCKS5
1.20.225.235,8080,SOCKS5
163.172.37.158,9741,SOCKS5
103.168.164.26,82,SOCKS5
184.181.217.194,4145,SOCKS5
170.81.141.49,61437,SOCKS5
192.241.249.237,17645,SOCKS5
89.216.120.176,4153,SOCKS5
72.195.34.58,4145,SOCKS5
183.239.38.216,9091,SOCKS5
200.71.109.234,999,SOCKS5
103.76.12.42,80,SOCKS5
183.230.162.122,9091,SOCKS5
117.160.250.131,8080,SOCKS5
192.9.241.51,26568,SOCKS5
174.64.199.82,4145,SOCKS5
107.181.128.43,5055,SOCKS5
165.227.187.48,7497,SOCKS5
5.133.30.141,5678,SOCKS5
51.222.118.214,8080,SOCKS5
138.68.16.30,13469,SOCKS5
190.131.198.77,7497,SOCKS5
185.51.36.137,8111,SOCKS5
47.243.95.228,10080,SOCKS5
82.66.139.187,8118,SOCKS5
119.10.177.90,4145,SOCKS5
103.156.14.194,3125,SOCKS5
117.102.81.5,53281,SOCKS5
184.178.172.3,4145,SOCKS5
212.129.15.88,8080,SOCKS5
117.102.78.166,1080,SOCKS5
110.40.166.173,80,SOCKS5
31.173.223.5,4153,SOCKS5
37.236.60.35,8080,SOCKS5
88.249.20.22,8111,SOCKS5
213.7.203.94,8111,SOCKS5
51.222.12.245,10084,SOCKS5
72.221.232.152,4145,SOCKS5
92.42.252.106,6666,SOCKS5
193.105.124.46,1080,SOCKS5
70.166.167.38,57728,SOCKS5
137.119.119.29,8111,SOCKS5
183.233.169.226,9091,SOCKS5
38.125.84.135,38781,SOCKS5
185.208.102.71,1080,SOCKS5
184.178.172.5,15303,SOCKS5
38.125.89.104,32755,SOCKS5
103.231.78.36,80,SOCKS5
76.77.199.253,8111,SOCKS5
43.243.172.18,84,SOCKS5
137.118.215.143,8111,SOCKS5
104.152.253.73,8111,SOCKS5
38.125.89.126,23554,SOCKS5
105.112.133.146,8080,SOCKS5
68.71.254.6,4145,SOCKS5
45.70.197.129,999,SOCKS5
213.149.103.132,56671,SOCKS5
1.179.192.58,8111,SOCKS5
103.95.97.186,31244,SOCKS5
192.252.216.81,4145,SOCKS5
82.200.55.38,4145,SOCKS5
117.247.174.71,5678,SOCKS5
103.105.125.6,82,SOCKS5
183.134.205.176,7890,SOCKS5
45.233.67.222,999,SOCKS5
80.80.167.241,10801,SOCKS5
5.58.33.187,5678,SOCKS5
38.125.89.76,23554,SOCKS5
24.217.122.61,8111,SOCKS5
87.244.44.246,8080,SOCKS5
167.172.23.19,33443,SOCKS5
1.212.157.114,4145,SOCKS5
78.188.151.95,8111,SOCKS5
212.42.99.22,4145,SOCKS5
162.250.213.203,8111,SOCKS5
138.197.66.68,1095,SOCKS5
187.102.150.38,8111,SOCKS5
89.28.48.254,5678,SOCKS5
192.252.220.92,17328,SOCKS5
121.101.185.61,43296,SOCKS5
72.221.172.203,4145,SOCKS5
88.255.64.93,1080,SOCKS5
94.247.241.70,53640,SOCKS5
182.74.142.105,8111,SOCKS5
51.104.203.226,33800,SOCKS5
110.165.19.69,80,SOCKS5
69.61.200.104,36181,SOCKS5
45.182.189.231,7887,SOCKS5
78.187.7.230,8111,SOCKS5
73.131.219.83,8111,SOCKS5
103.38.205.3,5678,SOCKS5
45.71.195.150,4145,SOCKS5
190.61.110.57,8080,SOCKS5
185.73.203.66,3128,SOCKS5
173.247.139.163,8111,SOCKS5
175.100.86.17,8080,SOCKS5
51.104.203.226,34700,SOCKS5
67.219.114.50,8111,SOCKS5
13.237.132.198,8080,SOCKS5
173.0.19.10,8111,SOCKS5
67.55.186.162,8080,SOCKS5
213.149.103.133,31470,SOCKS5
190.14.229.242,5678,SOCKS5
95.0.101.178,8111,SOCKS5
209.20.136.15,8111,SOCKS5
117.160.250.132,81,SOCKS5
109.238.208.138,21231,SOCKS5
66.42.224.229,41679,SOCKS5
187.62.86.129,5678,SOCKS5
72.221.171.135,4145,SOCKS5
37.18.73.94,5566,SOCKS5
173.195.27.147,10091,SOCKS5
177.128.209.90,4673,SOCKS5
182.160.124.106,5678,SOCKS5
221.231.13.198,1080,SOCKS5
78.189.20.114,8111,SOCKS5
38.125.84.196,38781,SOCKS5
157.230.241.133,41921,SOCKS5
135.181.140.218,31723,SOCKS5
138.197.66.68,17144,SOCKS5
125.79.54.197,2829,SOCKS5
72.221.164.34,60671,SOCKS5
198.153.84.58,8111,SOCKS5
176.235.154.50,8111,SOCKS5
155.0.181.254,41174,SOCKS5
168.149.220.109,8111,SOCKS5
209.20.136.6,8111,SOCKS5
61.130.151.230,7302,SOCKS5
137.118.138.102,8111,SOCKS5
14.139.181.212,8111,SOCKS5
67.219.113.2,8111,SOCKS5
103.156.14.180,2021,SOCKS5
45.119.113.62,83,SOCKS5
41.89.162.100,4673,SOCKS5
51.104.203.226,33600,SOCKS5
200.55.25.15,5678,SOCKS5
213.6.68.94,5678,SOCKS5
198.8.94.174,39078,SOCKS5
45.65.65.18,4145,SOCKS5
73.120.56.160,8111,SOCKS5
54.169.107.153,3128,SOCKS5
66.208.78.162,8111,SOCKS5
223.96.90.216,8085,SOCKS5
36.91.45.10,51299,SOCKS5
185.213.156.226,51971,SOCKS5
64.130.149.140,8111,SOCKS5
94.79.135.186,8111,SOCKS5
210.212.144.14,8080,SOCKS5
73.111.122.241,8111,SOCKS5
51.104.203.226,33900,SOCKS5
103.148.178.228,80,SOCKS5
91.200.100.41,7497,SOCKS5
202.169.47.108,8080,SOCKS5
103.167.170.213,1080,SOCKS5
159.65.63.209,8888,SOCKS5
66.76.140.239,39593,SOCKS5
195.250.92.58,8080,SOCKS5
206.176.212.178,8111,SOCKS5
185.126.44.101,5678,SOCKS5
38.125.84.8,26127,SOCKS5
177.53.152.139,999,SOCKS5
206.176.206.205,8111,SOCKS5
85.105.182.42,8111,SOCKS5
180.92.212.178,5678,SOCKS5
46.227.37.65,1088,SOCKS5
103.47.175.161,83,SOCKS5
45.184.155.12,999,SOCKS5
208.126.108.17,8111,SOCKS5
170.205.155.71,8111,SOCKS5
24.240.20.73,8111,SOCKS5
45.112.0.34,4145,SOCKS5
200.54.22.74,8080,SOCKS5
115.242.248.226,5678,SOCKS5
198.8.94.170,4145,SOCKS5
221.4.161.201,51080,SOCKS5
45.33.210.193,8111,SOCKS5
171.5.1.40,34599,SOCKS5
94.77.234.235,8111,SOCKS5
167.99.201.165,51485,SOCKS5
69.178.225.224,8111,SOCKS5
54.75.75.45,8888,SOCKS5
89.22.106.31,33449,SOCKS5
103.48.68.36,83,SOCKS5
73.171.79.17,8111,SOCKS5
173.224.7.227,8111,SOCKS5
198.89.91.90,5678,SOCKS5
36.95.16.103,8080,SOCKS5
88.213.214.254,4145,SOCKS5
23.224.33.106,20354,SOCKS5
206.128.76.232,8111,SOCKS5
201.150.117.129,999,SOCKS5
14.143.159.65,8111,SOCKS5
103.169.7.87,6667,SOCKS5
38.41.53.144,5678,SOCKS5
216.241.205.33,8111,SOCKS5
131.221.120.196,5678,SOCKS5
103.49.202.252,80,SOCKS5
159.223.173.147,27188,SOCKS5
185.19.4.22,3128,SOCKS5
104.255.75.5,8111,SOCKS5
142.93.162.127,10187,SOCKS5
27.46.47.55,8888,SOCKS5
218.200.193.144,9091,SOCKS5
185.255.46.121,8080,SOCKS5
206.174.175.190,8111,SOCKS5
91.209.11.131,80,SOCKS5
78.38.224.102,8080,SOCKS5
91.205.129.154,36931,SOCKS5
89.32.229.230,3128,SOCKS5
115.21.215.188,8111,SOCKS5
46.52.130.52,8080,SOCKS5
115.127.128.231,3389,SOCKS5
177.87.144.122,5566,SOCKS5
165.232.149.87,8888,SOCKS5
68.183.185.62,80,SOCKS5
103.215.24.162,5678,SOCKS5
61.216.94.250,8111,SOCKS5
190.113.40.22,999,SOCKS5
36.89.156.149,8080,SOCKS5
135.181.140.215,25920,SOCKS5
88.248.90.144,8111,SOCKS5
103.157.126.115,8111,SOCKS5
92.60.190.22,59816,SOCKS5
190.61.4.74,34045,SOCKS5
196.202.215.143,5678,SOCKS5
138.68.109.12,62662,SOCKS5
187.190.111.249,8111,SOCKS5
113.176.195.145,4153,SOCKS5
117.200.74.122,8111,SOCKS5
37.53.103.4,3128,SOCKS5
191.97.19.18,999,SOCKS5
88.247.225.33,8111,SOCKS5
209.206.101.245,8111,SOCKS5
5.39.93.167,61013,SOCKS5
78.186.160.209,8111,SOCKS5
161.97.158.118,44139,SOCKS5
72.210.252.134,46164,SOCKS5
134.0.112.21,3483,SOCKS5
125.141.139.198,5566,SOCKS5
98.162.96.53,10663,SOCKS5
113.11.136.28,30993,SOCKS5
216.197.76.107,8111,SOCKS5
179.107.49.127,4153,SOCKS5
184.178.172.26,4145,SOCKS5
191.97.14.26,999,SOCKS5
66.42.117.56,10681,SOCKS5
142.93.78.172,14729,SOCKS5
165.16.27.35,1976,SOCKS5
186.193.246.32,8080,SOCKS5
66.44.189.14,8111,SOCKS5
117.160.250.163,81,SOCKS5
92.249.219.47,59587,SOCKS5
176.236.6.130,8111,SOCKS5
103.158.252.66,80,SOCKS5
117.160.250.133,81,SOCKS5
172.105.184.208,8001,SOCKS5
113.53.61.172,8080,SOCKS5
184.178.172.14,4145,SOCKS5
96.23.82.21,8111,SOCKS5
38.125.97.17,34355,SOCKS5
188.68.168.143,5678,SOCKS5
185.66.57.162,42647,SOCKS5
142.93.162.127,26601,SOCKS5
37.187.133.177,55220,SOCKS5
117.160.250.130,8081,SOCKS5
203.130.18.122,45919,SOCKS5
201.219.247.34,999,SOCKS5
184.181.217.220,4145,SOCKS5
185.6.10.137,62458,SOCKS5
85.100.42.191,8111,SOCKS5
197.211.216.111,8111,SOCKS5
98.178.72.21,10919,SOCKS5
62.201.214.146,8080,SOCKS5
199.30.169.60,8111,SOCKS5
182.52.51.10,61124,SOCKS5
213.226.234.49,8111,SOCKS5
66.228.47.158,35696,SOCKS5
42.117.106.32,1080,SOCKS5
14.139.232.7,8111,SOCKS5
185.6.10.137,47195,SOCKS5
114.4.121.90,4153,SOCKS5
162.247.81.54,8111,SOCKS5
85.234.126.107,55555,SOCKS5
117.160.250.132,9999,SOCKS5
112.120.41.171,80,SOCKS5
72.48.20.159,8111,SOCKS5
183.82.123.151,8111,SOCKS5
212.50.96.137,8111,SOCKS5
5.8.240.92,4153,SOCKS5
73.225.148.120,8111,SOCKS5
178.168.208.4,5678,SOCKS5
36.37.104.98,34040,SOCKS5
75.119.159.251,28210,SOCKS5
5.134.221.58,41890,SOCKS5
78.188.103.48,8111,SOCKS5
114.116.2.116,8001,SOCKS5
181.143.208.158,5678,SOCKS5
103.161.122.151,30181,SOCKS5
103.111.137.54,1080,SOCKS5
189.201.153.89,999,SOCKS5
36.67.14.5,5678,SOCKS5
113.161.13.52,5678,SOCKS5
217.117.142.25,3629,SOCKS5
180.235.65.13,80,SOCKS5
184.178.172.11,4145,SOCKS5
180.183.25.122,4145,SOCKS5
181.199.181.18,4145,SOCKS5
98.170.57.231,4145,SOCKS5
171.34.53.2,9091,SOCKS5
123.130.115.217,9091,SOCKS5
128.199.104.25,8080,SOCKS5
180.210.18.1,8111,SOCKS5
216.8.224.199,8111,SOCKS5
187.188.107.172,8111,SOCKS5
98.162.25.7,31653,SOCKS5
186.159.3.43,51445,SOCKS5
185.78.9.39,8111,SOCKS5
205.177.85.130,39593,SOCKS5
185.161.186.83,54321,SOCKS5
116.203.205.170,19999,SOCKS5
138.59.177.117,5678,SOCKS5
116.202.192.102,47313,SOCKS5
185.190.38.22,8080,SOCKS5
115.75.160.196,5678,SOCKS5
190.96.97.202,4153,SOCKS5
101.109.245.200,4153,SOCKS5
103.47.93.208,1080,SOCKS5
94.139.150.45,4145,SOCKS5
209.13.96.165,39921,SOCKS5
103.78.210.178,30000,SOCKS5
72.206.181.123,4145,SOCKS5
103.70.159.128,5678,SOCKS5
103.109.59.197,1080,SOCKS5
185.54.238.208,4153,SOCKS5
64.33.150.164,8111,SOCKS5
46.21.240.185,1080,SOCKS5
217.56.67.38,8111,SOCKS5
104.238.80.180,39605,SOCKS5
184.178.172.13,15311,SOCKS5
192.111.139.165,4145,SOCKS5
38.125.84.174,17493,SOCKS5
197.211.24.206,5678,SOCKS5
113.108.247.146,20086,SOCKS5
5.189.146.59,6751,SOCKS5
85.99.121.155,8111,SOCKS5
91.93.156.18,8111,SOCKS5
197.232.253.210,5678,SOCKS5
190.119.118.242,999,SOCKS5
177.75.96.46,3128,SOCKS5
103.117.109.1,4153,SOCKS5
80.244.230.86,8080,SOCKS5
209.240.50.56,39593,SOCKS5
31.173.251.198,40547,SOCKS5
212.156.93.86,8111,SOCKS5
103.78.97.38,8080,SOCKS5
103.200.135.229,4145,SOCKS5
118.97.107.65,5430,SOCKS5
194.132.11.11,49153,SOCKS5
176.98.156.54,4145,SOCKS5
117.160.250.131,9999,SOCKS5
73.101.167.208,8111,SOCKS5
112.49.34.128,9091,SOCKS5
69.178.233.219,8111,SOCKS5
103.214.156.32,5678,SOCKS5
45.116.114.29,5678,SOCKS5
39.100.117.89,80,SOCKS5
60.165.35.64,7302,SOCKS5
66.203.129.235,8111,SOCKS5
174.81.78.64,48678,SOCKS5
58.17.24.162,9091,SOCKS5
105.208.44.53,5678,SOCKS5
88.248.48.149,8111,SOCKS5
68.13.157.239,8111,SOCKS5
192.111.135.18,18301,SOCKS5
103.193.119.126,8080,SOCKS5
80.65.28.57,30924,SOCKS5
72.195.114.184,4145,SOCKS5
43.204.16.38,80,SOCKS5
74.127.85.44,8111,SOCKS5
193.122.127.14,50468,SOCKS5
182.52.19.99,3629,SOCKS5
208.109.36.170,37000,SOCKS5
188.127.224.46,23634,SOCKS5
157.245.1.59,51438,SOCKS5
38.125.84.70,38781,SOCKS5
185.216.18.138,44550,SOCKS5
24.249.199.4,4145,SOCKS5
130.193.123.34,5678,SOCKS5
200.199.226.161,4153,SOCKS5
68.183.111.90,80,SOCKS5
113.161.174.60,8111,SOCKS5
47.242.151.165,50001,SOCKS5
1.9.167.36,60489,SOCKS5
216.229.121.168,8111,SOCKS5
103.149.104.2,4153,SOCKS5
140.238.43.53,54322,SOCKS5
207.144.52.65,8111,SOCKS5
39.175.89.211,30001,SOCKS5
46.101.99.250,10431,SOCKS5
80.91.125.238,8089,SOCKS5
47.95.254.71,80,SOCKS5
201.221.157.162,5678,SOCKS5
14.99.230.78,8111,SOCKS5
103.131.18.196,80,SOCKS5
38.125.89.185,23554,SOCKS5
23.238.33.186,80,SOCKS5
142.93.162.127,31230,SOCKS5
114.130.39.173,8080,SOCKS5
46.191.235.167,443,SOCKS5
113.161.210.60,4153,SOCKS5
182.140.239.6,8008,SOCKS5
216.128.144.207,10523,SOCKS5
181.15.154.154,52033,SOCKS5
88.247.96.59,8111,SOCKS5
114.134.16.52,4145,SOCKS5
123.182.59.96,8089,SOCKS5
51.104.203.226,34800,SOCKS5
13.208.211.148,5000,SOCKS5
183.89.249.192,4153,SOCKS5
121.200.25.194,8111,SOCKS5
88.255.102.39,8080,SOCKS5
103.86.198.222,4153,SOCKS5
200.80.227.234,4145,SOCKS5
202.200.170.238,80,SOCKS5
38.125.89.134,54075,SOCKS5
204.185.204.64,8080,SOCKS5
36.89.17.227,1080,SOCKS5
137.118.188.33,8111,SOCKS5
109.224.22.35,51372,SOCKS5
103.111.120.138,80,SOCKS5
138.255.240.66,41466,SOCKS5
181.113.0.38,5678,SOCKS5
192.111.139.163,19404,SOCKS5
98.162.25.23,4145,SOCKS5
77.236.236.44,8080,SOCKS5
173.212.250.65,57947,SOCKS5
31.170.19.1,4153,SOCKS5
139.159.176.147,8090,SOCKS5
116.197.128.126,3888,SOCKS5
178.253.236.139,8080,SOCKS5
183.89.58.160,5678,SOCKS5
103.154.113.243,4153,SOCKS5
143.137.235.195,8080,SOCKS5
47.102.207.157,10800,SOCKS5
182.52.51.10,35719,SOCKS5
182.23.5.70,5678,SOCKS5
109.73.184.229,5678,SOCKS5
103.152.89.219,4153,SOCKS5
93.100.33.16,8080,SOCKS5
94.153.129.126,10800,SOCKS5
14.161.27.174,8080,SOCKS5
120.88.34.92,5678,SOCKS5
201.46.29.115,5678,SOCKS5
162.223.88.90,3128,SOCKS5
177.223.238.20,4153,SOCKS5
62.171.166.158,62684,SOCKS5
51.89.19.39,52990,SOCKS5
85.105.157.94,8111,SOCKS5
85.143.213.2,9050,SOCKS5
114.225.253.20,2829,SOCKS5
103.242.105.69,3125,SOCKS5
216.197.74.91,8111,SOCKS5
36.95.84.151,41890,SOCKS5
62.171.166.158,60548,SOCKS5
50.30.115.193,8111,SOCKS5
112.133.240.9,8111,SOCKS5
73.169.134.216,8111,SOCKS5
103.224.145.33,5678,SOCKS5
46.209.100.250,5678,SOCKS5
173.212.250.65,25895,SOCKS5
167.99.12.224,9296,SOCKS5
195.201.38.179,10016,SOCKS5
102.219.33.109,1080,SOCKS5
82.200.81.3,1080,SOCKS5
138.197.66.68,38876,SOCKS5
58.19.243.93,8118,SOCKS5
190.216.56.177,4153,SOCKS5
165.90.33.12,8111,SOCKS5
102.217.8.1,5678,SOCKS5
38.100.209.224,8111,SOCKS5
117.160.250.133,9999,SOCKS5
213.149.103.133,30861,SOCKS5
200.116.227.98,33337,SOCKS5
68.68.153.15,8111,SOCKS5
193.117.138.96,44805,SOCKS5
213.230.109.175,5678,SOCKS5
201.150.117.1,999,SOCKS5
103.83.232.122,80,SOCKS5
206.176.198.168,8111,SOCKS5
103.165.37.242,4145,SOCKS5
202.43.112.37,4145,SOCKS5
105.29.75.113,4153,SOCKS5
185.12.223.228,8111,SOCKS5
137.118.143.209,8111,SOCKS5
45.132.75.19,18929,SOCKS5
103.70.159.135,5678,SOCKS5
88.250.246.236,8111,SOCKS5
176.117.175.40,5678,SOCKS5
174.64.199.79,4145,SOCKS5
156.146.120.153,8111,SOCKS5
216.197.76.25,8111,SOCKS5
41.79.10.198,8111,SOCKS5
117.160.250.130,8080,SOCKS5
206.190.74.38,8111,SOCKS5
50.238.47.85,32100,SOCKS5
43.228.125.91,56061,SOCKS5
177.8.170.122,1080,SOCKS5
177.107.217.112,4145,SOCKS5
85.238.113.116,3128,SOCKS5
38.125.94.146,34355,SOCKS5
181.78.13.91,5678,SOCKS5
176.113.115.154,43081,SOCKS5
190.104.26.227,33638,SOCKS5
89.163.144.155,54416,SOCKS5
78.158.160.137,60003,SOCKS5
107.190.104.243,8111,SOCKS5
103.117.110.10,4153,SOCKS5
91.108.26.72,8111,SOCKS5
178.48.68.61,4145,SOCKS5
121.182.191.216,8111,SOCKS5
223.84.240.36,9091,SOCKS5
177.184.64.2,4145,SOCKS5
176.88.207.198,8111,SOCKS5
41.190.232.52,36926,SOCKS5
174.68.180.91,8111,SOCKS5
118.212.152.82,9091,SOCKS5
213.210.67.186,3629,SOCKS5
103.148.201.76,8080,SOCKS5
78.187.94.201,8111,SOCKS5
113.160.145.184,1080,SOCKS5
58.22.60.174,1080,SOCKS5
69.58.157.189,8111,SOCKS5
85.117.56.85,8080,SOCKS5
5.45.75.98,57764,SOCKS5
72.195.114.169,4145,SOCKS5
103.140.205.133,1080,SOCKS5
72.29.63.98,8111,SOCKS5
0.119.148.20,8080,SOCKS5
174.77.111.198,49547,SOCKS5
174.77.111.196,4145,SOCKS5
95.0.247.244,8111,SOCKS5
209.141.35.182,32608,SOCKS5
96.23.222.159,8111,SOCKS5
85.172.66.254,1099,SOCKS5
202.153.91.165,1080,SOCKS5
5.45.75.98,50004,SOCKS5
36.89.10.51,44268,SOCKS5
185.226.134.8,9090,SOCKS5
38.125.89.192,54075,SOCKS5
121.43.160.126,80,SOCKS5
38.125.89.212,23554,SOCKS5
73.151.211.133,8111,SOCKS5
64.57.175.37,8111,SOCKS5
184.179.11.185,8111,SOCKS5
103.124.137.158,1080,SOCKS5
192.241.232.61,31884,SOCKS5
200.85.169.18,50577,SOCKS5
38.125.89.151,60432,SOCKS5
24.247.8.101,8111,SOCKS5
188.127.1.62,8111,SOCKS5
103.162.191.68,8111,SOCKS5
79.141.160.83,15160,SOCKS5
103.139.246.166,5678,SOCKS5
165.165.134.1,4153,SOCKS5
95.154.75.180,45735,SOCKS5
196.41.102.130,60216,SOCKS5
104.36.7.57,1337,SOCKS5
24.246.205.244,8111,SOCKS5
190.15.252.205,3629,SOCKS5
27.106.84.186,4153,SOCKS5
190.61.4.74,44435,SOCKS5
72.29.49.147,8111,SOCKS5
85.112.90.80,8111,SOCKS5
46.32.230.38,17750,SOCKS5
192.141.236.10,5678,SOCKS5
109.167.113.12,4153,SOCKS5
200.116.198.160,58927,SOCKS5
181.224.253.221,5678,SOCKS5
62.171.166.158,24417,SOCKS5
72.206.181.103,4145,SOCKS5
70.39.21.193,8111,SOCKS5
209.141.56.216,10898,SOCKS5
190.103.240.57,4153,SOCKS5
194.67.118.152,1669,SOCKS5
103.158.253.33,5678,SOCKS5
43.243.204.106,35805,SOCKS5
72.221.196.157,35904,SOCKS5
1.179.147.5,52210,SOCKS5
152.228.214.231,11372,SOCKS5
216.255.35.215,8111,SOCKS5
184.178.172.18,15280,SOCKS5
189.85.112.20,7497,SOCKS5
85.99.234.181,8111,SOCKS5
69.58.151.185,8111,SOCKS5
103.59.190.209,56252,SOCKS5
78.188.179.200,8111,SOCKS5
178.32.107.66,55446,SOCKS5
103.200.135.226,4145,SOCKS5
216.119.60.161,8111,SOCKS5
73.89.185.78,8111,SOCKS5
186.235.184.194,4153,SOCKS5
117.205.67.43,4153,SOCKS5
199.241.221.85,8111,SOCKS5
184.177.84.245,1088,SOCKS5
103.111.22.26,58563,SOCKS5
177.101.228.50,4153,SOCKS5
68.225.233.145,8111,SOCKS5
102.217.8.10,5678,SOCKS5
103.173.204.1,8111,SOCKS5
58.57.147.86,10800,SOCKS5
209.23.45.18,8111,SOCKS5
176.88.159.22,8111,SOCKS5
103.25.46.2,4153,SOCKS5
38.125.89.239,13384,SOCKS5
234.62.223.204,443,SOCKS5
91.121.177.31,5284,SOCKS5
89.38.11.16,60355,SOCKS5
78.186.141.251,8111,SOCKS5
138.219.201.242,5678,SOCKS5
88.250.86.103,8111,SOCKS5
47.108.172.173,8060,SOCKS5
198.36.109.76,80,SOCKS5
5.189.153.171,5091,SOCKS5
37.53.85.116,5678,SOCKS5
103.169.130.53,5678,SOCKS5
179.107.53.5,4153,SOCKS5
73.189.184.48,8111,SOCKS5
51.38.32.239,59396,SOCKS5
170.80.221.153,4153,SOCKS5
118.97.191.233,4153,SOCKS5
157.245.1.59,12313,SOCKS5
50.192.49.5,32100,SOCKS5
202.40.188.92,55103,SOCKS5
70.82.75.118,4153,SOCKS5
69.36.63.128,1080,SOCKS5
192.151.166.130,8111,SOCKS5
138.197.10.76,20154,SOCKS5
103.12.246.113,4145,SOCKS5
72.49.49.11,31034,SOCKS5
178.238.125.38,53136,SOCKS5
183.89.185.168,5678,SOCKS5
38.125.89.95,60432,SOCKS5
45.64.10.186,8111,SOCKS5
85.112.70.190,5678,SOCKS5
103.76.190.209,4153,SOCKS5
93.117.72.27,55770,SOCKS5
194.28.91.10,5678,SOCKS5
61.216.76.37,8111,SOCKS5
102.66.234.90,5678,SOCKS5
216.213.127.44,8111,SOCKS5
218.24.16.198,36180,SOCKS5
108.174.85.81,8111,SOCKS5
84.15.172.68,1080,SOCKS5
216.105.214.238,8111,SOCKS5
67.198.30.73,8111,SOCKS5
113.162.84.219,1080,SOCKS5
110.235.250.155,1080,SOCKS5
43.241.30.222,4145,SOCKS5
46.98.198.10,5678,SOCKS5
103.111.160.41,5678,SOCKS5
176.236.156.178,8111,SOCKS5
197.82.166.158,1080,SOCKS5
49.205.178.101,8111,SOCKS5
179.107.52.14,4153,SOCKS5
5.45.75.98,62864,SOCKS5
74.119.125.85,8111,SOCKS5
171.6.104.159,1099,SOCKS5
32.217.197.46,8111,SOCKS5
94.232.11.178,58028,SOCKS5
88.248.19.14,8111,SOCKS5
103.79.96.201,4153,SOCKS5
157.245.1.59,44131,SOCKS5
78.189.52.184,8111,SOCKS5
103.134.44.74,8111,SOCKS5
190.239.24.77,5678,SOCKS5
177.200.2.181,5678,SOCKS5
45.234.100.112,1080,SOCKS5
183.82.111.56,8111,SOCKS5
185.148.84.88,8111,SOCKS5
203.160.59.249,4145,SOCKS5
88.199.82.66,54194,SOCKS5
88.247.28.145,8111,SOCKS5
23.252.215.83,8111,SOCKS5
14.161.17.4,4153,SOCKS5
188.95.20.139,5678,SOCKS5
149.3.27.4,5678,SOCKS5
112.78.138.163,5678,SOCKS5
138.197.66.68,36677,SOCKS5
98.181.137.83,4145,SOCKS5
130.65.73.97,8081,SOCKS5
206.128.76.234,8111,SOCKS5
137.119.105.180,8111,SOCKS5
139.59.230.221,5000,SOCKS5
45.33.219.113,8111,SOCKS5
45.226.0.2,4153,SOCKS5
154.113.86.241,5678,SOCKS5
159.223.163.18,47926,SOCKS5
51.15.147.166,5836,SOCKS5
194.67.118.152,5548,SOCKS5
176.236.189.22,8111,SOCKS5
142.93.162.127,44665,SOCKS5
1.20.207.82,8111,SOCKS5
109.233.22.238,8111,SOCKS5
176.122.194.72,8111,SOCKS5
137.118.139.254,8111,SOCKS5
85.96.180.67,8111,SOCKS5
38.125.97.203,21607,SOCKS5
175.139.199.245,8111,SOCKS5
200.170.203.90,1080,SOCKS5
216.197.71.7,8111,SOCKS5
202.150.148.218,61924,SOCKS5
95.9.148.234,8111,SOCKS5
51.91.144.39,59191,SOCKS5
88.249.199.35,8111,SOCKS5
78.189.201.54,8111,SOCKS5
180.94.88.242,8111,SOCKS5
78.189.195.64,8111,SOCKS5
5.39.84.56,17259,SOCKS5
88.248.49.5,8111,SOCKS5
177.12.177.69,4153,SOCKS5
206.176.202.36,8111,SOCKS5
137.184.14.31,33887,SOCKS5
66.113.15.199,8111,SOCKS5
5.45.75.98,55829,SOCKS5
103.210.29.201,31433,SOCKS5
168.149.214.71,8111,SOCKS5
78.189.114.210,8111,SOCKS5
49.205.176.25,8111,SOCKS5
142.109.6.29,3128,SOCKS5
104.203.57.1,8111,SOCKS5
192.111.137.37,18762,SOCKS5
182.75.104.139,8111,SOCKS5
95.31.42.199,3629,SOCKS5
118.97.208.171,8080,SOCKS5
206.189.251.0,21875,SOCKS5
180.180.124.248,49992,SOCKS5
187.188.87.113,8111,SOCKS5
68.228.16.15,8111,SOCKS5
78.189.224.13,8111,SOCKS5
64.127.153.10,8111,SOCKS5
144.76.99.207,16004,SOCKS5
64.27.1.237,15238,SOCKS5
68.186.97.242,8111,SOCKS5
134.122.22.50,11881,SOCKS5
154.64.217.128,36468,SOCKS5
59.23.107.58,8111,SOCKS5
182.160.5.234,1080,SOCKS5
164.132.67.217,32553,SOCKS5
46.101.37.189,7497,SOCKS5
38.125.89.228,53615,SOCKS5
209.213.23.41,8111,SOCKS5
162.250.170.154,8111,SOCKS5
78.188.29.199,8111,SOCKS5
180.211.98.154,8111,SOCKS5
67.198.30.74,8111,SOCKS5
183.81.156.173,4145,SOCKS5
222.255.139.134,5678,SOCKS5
64.57.174.139,8111,SOCKS5
103.66.232.169,4145,SOCKS5
97.69.162.209,8111,SOCKS5
156.154.112.127,80,SOCKS5
185.123.235.78,5678,SOCKS5
72.221.171.130,4145,SOCKS5
117.201.242.137,8111,SOCKS5
216.8.53.176,8111,SOCKS5
148.74.33.30,8111,SOCKS5
45.5.152.232,37762,SOCKS5
167.172.23.19,62601,SOCKS5
94.154.31.136,2114,SOCKS5
212.57.43.75,4153,SOCKS5
81.214.62.78,8111,SOCKS5
1.32.216.209,80,SOCKS5
78.189.93.155,8111,SOCKS5
45.6.228.178,4145,SOCKS5
73.90.90.168,8111,SOCKS5
70.176.22.173,8111,SOCKS5
114.96.103.48,12888,SOCKS5
103.55.104.245,8111,SOCKS5
98.164.214.56,8111,SOCKS5
45.91.92.45,24071,SOCKS5
103.112.12.186,8111,SOCKS5
14.139.110.212,8111,SOCKS5
144.168.149.224,7273,SOCKS5
54.37.138.158,7497,SOCKS5
139.99.52.104,7497,SOCKS5
14.139.181.248,8111,SOCKS5
190.119.167.154,5678,SOCKS5
182.160.115.234,5678,SOCKS5
208.109.36.170,21454,SOCKS5
202.131.246.158,5678,SOCKS5
213.6.66.66,57391,SOCKS5
138.201.185.118,30672,SOCKS5
74.62.23.242,39593,SOCKS5
103.154.230.83,5678,SOCKS5
5.160.151.42,8080,SOCKS5
46.241.57.29,1080,SOCKS5
205.237.147.112,8111,SOCKS5
192.144.105.28,8080,SOCKS5
223.29.199.144,55443,SOCKS5
177.128.78.0,5678,SOCKS5
45.114.39.25,8080,SOCKS5
202.153.233.228,8080,SOCKS5
114.231.41.168,9999,SOCKS5
170.238.112.71,8080,SOCKS5
37.236.59.107,80,SOCKS5
103.156.14.46,5678,SOCKS5
118.97.47.249,55443,SOCKS5
103.65.238.186,8181,SOCKS5
192.99.56.181,51277,SOCKS5
197.255.253.33,5678,SOCKS5
180.183.229.78,4153,SOCKS5
177.74.157.163,5678,SOCKS5
95.169.221.238,5678,SOCKS5
200.69.67.148,999,SOCKS5
178.212.52.198,1080,SOCKS5
37.236.59.83,80,SOCKS5
123.171.42.74,8089,SOCKS5
177.38.15.44,8080,SOCKS5
95.31.35.210,3629,SOCKS5
85.105.134.106,8111,SOCKS5
109.188.86.168,4145,SOCKS5
190.180.35.148,5678,SOCKS5
201.217.49.2,80,SOCKS5
88.249.83.115,8111,SOCKS5
183.82.5.211,8111,SOCKS5
103.47.93.198,1080,SOCKS5
93.180.133.8,51652,SOCKS5
85.105.15.126,8111,SOCKS5
103.157.96.97,3128,SOCKS5
181.198.6.251,999,SOCKS5
103.154.231.100,1080,SOCKS5
79.120.177.106,8080,SOCKS5
103.153.136.187,8080,SOCKS5
173.197.167.242,8080,SOCKS5
31.209.104.231,4145,SOCKS5
192.154.247.28,8000,SOCKS5
95.68.225.138,1080,SOCKS5
213.16.81.182,35559,SOCKS5
167.250.29.57,8111,SOCKS5
89.216.52.217,4153,SOCKS5
43.239.75.145,4145,SOCKS5
137.118.147.111,8111,SOCKS5
37.187.133.177,55652,SOCKS5
103.252.163.191,80,SOCKS5
196.0.111.194,48009,SOCKS5
168.90.205.191,1080,SOCKS5
103.143.197.66,5678,SOCKS5
213.212.247.204,1976,SOCKS5
102.219.33.110,1080,SOCKS5
152.200.175.62,999,SOCKS5
23.249.77.5,8111,SOCKS5
91.108.134.113,8080,SOCKS5
154.239.1.77,1981,SOCKS5
183.166.145.36,38801,SOCKS5
67.215.46.232,8111,SOCKS5
200.10.68.41,999,SOCKS5
37.148.217.234,999,SOCKS5
135.125.2.93,8080,SOCKS5
103.52.144.49,8080,SOCKS5
103.19.58.122,8080,SOCKS5
187.86.4.16,4153,SOCKS5
195.211.45.213,3128,SOCKS5
186.96.25.21,8111,SOCKS5
46.99.188.13,42551,SOCKS5
51.52.205.98,4153,SOCKS5
37.187.133.177,55014,SOCKS5
36.68.108.165,8080,SOCKS5
149.57.11.17,8181,SOCKS5
82.114.143.222,3389,SOCKS5
200.149.32.34,5678,SOCKS5
45.5.118.43,999,SOCKS5
170.254.200.165,3180,SOCKS5
95.140.126.82,1080,SOCKS5
103.209.204.141,5678,SOCKS5
45.173.6.98,999,SOCKS5
191.7.85.206,4145,SOCKS5
152.169.106.145,8080,SOCKS5
137.118.170.54,8111,SOCKS5
118.67.219.153,8080,SOCKS5
104.203.181.75,8111,SOCKS5
103.156.239.34,3334,SOCKS5
190.107.237.20,999,SOCKS5
91.121.48.221,55348,SOCKS5
177.152.174.226,8080,SOCKS5
162.210.30.76,8111,SOCKS5
27.147.143.250,1088,SOCKS5
103.48.68.36,82,SOCKS5
173.246.28.107,8111,SOCKS5
186.0.171.188,8080,SOCKS5
176.236.30.153,5678,SOCKS5
41.65.55.2,1976,SOCKS5
199.188.89.136,9000,SOCKS5
188.120.240.229,8081,SOCKS5
103.162.218.66,8181,SOCKS5
118.37.116.66,3128,SOCKS5
41.190.233.56,5678,SOCKS5
78.186.23.20,8111,SOCKS5
103.138.71.29,3125,SOCKS5
103.242.104.244,5678,SOCKS5
78.90.252.7,4153,SOCKS5
177.93.71.228,5678,SOCKS5
186.166.138.51,999,SOCKS5
185.186.17.57,5678,SOCKS5
45.116.230.79,4673,SOCKS5
185.47.184.253,45463,SOCKS5
38.84.74.3,80,SOCKS5
178.212.55.61,1080,SOCKS5
178.212.49.96,1080,SOCKS5
154.61.227.9,64312,SOCKS5
45.190.170.254,999,SOCKS5
77.238.79.111,5678,SOCKS5
154.79.254.176,10801,SOCKS5
103.115.252.18,80,SOCKS5
200.0.247.242,5678,SOCKS5
156.67.107.79,5678,SOCKS5
45.116.157.236,4145,SOCKS5
177.72.115.65,31164,SOCKS5
103.105.54.101,3127,SOCKS5
5.45.103.133,3128,SOCKS5
5.178.204.235,2082,SOCKS5
38.52.160.250,999,SOCKS5
37.236.59.107,8080,SOCKS5
103.105.40.129,4145,SOCKS5
200.70.34.22,4153,SOCKS5
45.225.184.177,999,SOCKS5
114.231.46.87,8089,SOCKS5
216.249.239.196,8111,SOCKS5
217.145.94.196,4153,SOCKS5
117.54.114.102,80,SOCKS5
185.65.253.161,8081,SOCKS5
213.179.245.72,8181,SOCKS5
92.124.143.26,1080,SOCKS5,ðŸ‡·ðŸ‡º Russia,2 seconds ago
89.58.45.94,36114,SOCKS5,ðŸ‡©ðŸ‡ª Germany,3 seconds ago
78.189.75.208,8111,SOCKS5,ðŸ‡¹ðŸ‡· Turkey,4 seconds ago
98.165.155.15,8111,SOCKS5,ðŸ‡ºðŸ‡¸ United States,5 seconds ago
65.189.211.69,8111,SOCKS5,ðŸ‡ºðŸ‡¸ United States,11 seconds ago
88.87.177.62,8111,SOCKS5,ðŸ‡®ðŸ‡ª Ireland,12 seconds ago
70.181.115.94,8111,SOCKS5,ðŸ‡ºðŸ‡¸ United States,15 seconds ago
38.125.84.107,17493,SOCKS5,ðŸ‡ºðŸ‡¸ United States,18 seconds ago
187.188.85.131,8111,SOCKS5,ðŸ‡²ðŸ‡½ Mexico,20 seconds ago
73.82.105.246,8111,SOCKS5,ðŸ‡ºðŸ‡¸ United States,22 seconds ago
167.99.76.237,7497,SOCKS5,ðŸ‡ºðŸ‡¸ United States,24 seconds ago
174.72.94.103,8111,SOCKS5,ðŸ‡ºðŸ‡¸ United States,32 seconds ago
81.214.72.228,8111,SOCKS5,ðŸ‡¹ðŸ‡· Turkey,34 seconds ago
187.95.114.149,8111,SOCKS5,ðŸ‡§ðŸ‡· Brazil,39 seconds ago
151.84.187.145,8111,SOCKS5,ðŸ‡®ðŸ‡¹ Italy,45 seconds ago
183.82.103.19,8111,SOCKS5,ðŸ‡®ðŸ‡³ India,45 seconds ago
202.131.112.18,8111,SOCKS5,ðŸ‡®ðŸ‡³ India,50 seconds ago
68.107.56.2,8111,SOCKS5,ðŸ‡ºðŸ‡¸ United States,1 minute ago
137.118.213.61,8111,SOCKS5,ðŸ‡ºðŸ‡¸ United States,1 minute ago
167.99.214.171,7497,SOCKS5,ðŸ‡ºðŸ‡¸ United States,1 minute ago
78.186.162.60,8111,SOCKS5,ðŸ‡¹ðŸ‡· Turkey,1 minute ago
88.247.217.144,8111,SOCKS5,ðŸ‡¹ðŸ‡· Turkey,1 minute ago
121.183.110.138,8111,SOCKS5,ðŸ‡°ðŸ‡· Republic of Korea,1 minute ago
41.242.53.72,8111,SOCKS5,ðŸ‡³ðŸ‡¬ Nigeria,2 minutes ago
174.68.168.112,8111,SOCKS5,ðŸ‡ºðŸ‡¸ United States,2 minutes ago
193.70.73.39,34998,SOCKS5,ðŸ‡«ðŸ‡· France,2 minutes ago
115.75.166.113,8111,SOCKS5,ðŸ‡»ðŸ‡³ Vietnam,2 minutes ago
96.42.78.29,8111,SOCKS5,ðŸ‡ºðŸ‡¸ United States,2 minutes ago
88.250.6.94,8111,SOCKS5,ðŸ‡¹ðŸ‡· Turkey,2 minutes ago
81.214.28.248,8111,SOCKS5,ðŸ‡¹ðŸ‡· Turkey,2 minutes ago
73.132.151.52,8111,SOCKS5,ðŸ‡ºðŸ‡¸ United States,2 minutes ago
73.255.34.190,8111,SOCKS5,ðŸ‡ºðŸ‡¸ United States,2 minutes ago
73.157.47.100,8111,SOCKS5,ðŸ‡ºðŸ‡¸ United States,2 minutes ago
24.140.125.126,8111,SOCKS5,ðŸ‡ºðŸ‡¸ United States,2 minutes ago
134.209.9.131,7497,SOCKS5,ðŸ‡ºðŸ‡¸ United States,2 minutes ago
178.128.96.80,7497,SOCKS5,ðŸ‡¬ðŸ‡· Greece,2 minutes ago
119.17.159.17,8111,SOCKS5,ðŸ‡¦ðŸ‡º Australia,2 minutes ago
73.120.119.170,8111,SOCKS5,ðŸ‡ºðŸ‡¸ United States,2 minutes ago
78.186.36.85,8111,SOCKS5,ðŸ‡¹ðŸ‡· Turkey,2 minutes ago
68.168.162.64,8111,SOCKS5,ðŸ‡ºðŸ‡¸ United States,2 minutes ago
109.233.216.187,8111,SOCKS5,ðŸ‡®ðŸ‡¹ Italy,3 minutes ago
67.246.26.91,8111,SOCKS5,ðŸ‡ºðŸ‡¸ United States,3 minutes ago
5.133.201.206,55777,SOCKS5,ðŸ‡¸ðŸ‡ª Sweden,3 minutes ago
88.247.215.224,8111,SOCKS5,ðŸ‡¹ðŸ‡· Turkey,3 minutes ago
135.125.244.133,21056,SOCKS5,ðŸ‡ºðŸ‡¸ United States,3 minutes ago
206.176.202.40,8111,SOCKS5,ðŸ‡ºðŸ‡¸ United States,3 minutes ago
174.96.33.63,8111,SOCKS5,ðŸ‡ºðŸ‡¸ United States,3 minutes ago
49.229.25.180,8111,SOCKS5,ðŸ‡¹ðŸ‡­ Thailand,3 minutes ago
85.99.117.60,8111,SOCKS5,ðŸ‡¹ðŸ‡· Turkey,3 minutes ago
51.255.219.244,7497,SOCKS5,ðŸ‡«ðŸ‡· France,3 minutes ago
173.241.235.195,8111,SOCKS5,ðŸ‡ºðŸ‡¸ United States,3 minutes ago
119.18.21.58,8111,SOCKS5,ðŸ‡¦ðŸ‡º Australia,3 minutes ago
113.161.131.43,8111,SOCKS5,ðŸ‡»ðŸ‡³ Vietnam,3 minutes ago
128.199.79.8,7497,SOCKS5,ðŸ‡¸ðŸ‡¬ Singapore,3 minutes ago
103.100.28.67,8111,SOCKS5,Unknown,3 minutes ago
73.115.149.127,8111,SOCKS5,ðŸ‡ºðŸ‡¸ United States,3 minutes ago
176.235.248.154,8111,SOCKS5,ðŸ‡¹ðŸ‡· Turkey,3 minutes ago
182.55.17.113,8111,SOCKS5,ðŸ‡¸ðŸ‡¬ Singapore,3 minutes ago
194.163.189.206,7497,SOCKS5,ðŸ‡©ðŸ‡ª Germany,4 minutes ago
66.175.222.195,7497,SOCKS5,ðŸ‡ºðŸ‡¸ United States,4 minutes ago
184.190.137.213,8111,SOCKS5,ðŸ‡ºðŸ‡¸ United States,4 minutes ago
75.97.247.250,8111,SOCKS5,ðŸ‡ºðŸ‡¸ United States,4 minutes ago
104.171.67.129,8111,SOCKS5,ðŸ‡ºðŸ‡¸ United States,4 minutes ago
64.178.191.4,8111,SOCKS5,ðŸ‡ºðŸ‡¸ United States,4 minutes ago
165.22.204.32,7497,SOCKS5,ðŸ‡ºðŸ‡¸ United States,4 minutes ago
73.117.19.160,8111,SOCKS5,ðŸ‡ºðŸ‡¸ United States,4 minutes ago
78.189.152.15,8111,SOCKS5,ðŸ‡¹ðŸ‡· Turkey,4 minutes ago
94.73.244.204,8111,SOCKS5,ðŸ‡·ðŸ‡º Russia,4 minutes ago
170.81.253.154,8111,SOCKS5,ðŸ‡¨ðŸ‡´ Colombia,4 minutes ago
88.250.23.175,8111,SOCKS5,ðŸ‡¹ðŸ‡· Turkey,4 minutes ago
71.236.142.128,8111,SOCKS5,ðŸ‡ºðŸ‡¸ United States,4 minutes ago
49.205.179.158,8111,SOCKS5,ðŸ‡®ðŸ‡³ India,4 minutes ago
72.212.46.225,8111,SOCKS5,ðŸ‡ºðŸ‡¸ United States,5 minutes ago
212.156.106.154,8111,SOCKS5,ðŸ‡¹ðŸ‡· Turkey,5 minutes ago
167.250.31.126,8111,SOCKS5,ðŸ‡§ðŸ‡· Brazil,5 minutes ago
157.245.77.149,54032,SOCKS5,ðŸ‡ºðŸ‡¸ United States,5 minutes ago
117.2.155.82,8111,SOCKS5,ðŸ‡»ðŸ‡³ Vietnam,5 minutes ago
183.82.107.42,8111,SOCKS5,ðŸ‡®ðŸ‡³ India,5 minutes ago
49.205.194.43,8111,SOCKS5,ðŸ‡®ðŸ‡³ India,5 minutes ago
78.187.213.10,8111,SOCKS5,ðŸ‡¹ðŸ‡· Turkey,5 minutes ago
70.177.93.56,8111,SOCKS5,ðŸ‡ºðŸ‡¸ United States,5 minutes ago
110.44.121.90,8111,SOCKS5,ðŸ‡³ðŸ‡µ Nepal,5 minutes ago
212.156.36.154,8111,SOCKS5,ðŸ‡¹ðŸ‡· Turkey,5 minutes ago
170.239.49.71,8111,SOCKS5,ðŸ‡¦ðŸ‡· Argentina,5 minutes ago
88.249.80.209,8111,SOCKS5,ðŸ‡¹ðŸ‡· Turkey,6 minutes ago
63.135.63.145,8111,SOCKS5,ðŸ‡ºðŸ‡¸ United States,6 minutes ago
98.161.193.179,8111,SOCKS5,ðŸ‡ºðŸ‡¸ United States,6 minutes ago
104.203.167.132,8111,SOCKS5,ðŸ‡ºðŸ‡¸ United States,6 minutes ago
88.247.152.139,8111,SOCKS5,ðŸ‡¹ðŸ‡· Turkey,6 minutes ago
24.218.218.203,8111,SOCKS5,ðŸ‡ºðŸ‡¸ United States,6 minutes ago
72.128.122.90,8111,SOCKS5,ðŸ‡ºðŸ‡¸ United States,6 minutes ago
85.214.99.110,7497,SOCKS5,ðŸ‡©ðŸ‡ª Germany,6 minutes ago
67.210.146.50,11080,SOCKS5,ðŸ‡ºðŸ‡¸ United States,6 minutes ago
207.182.78.249,8111,SOCKS5,ðŸ‡ºðŸ‡¸ United States,6 minutes ago
206.176.202.122,8111,SOCKS5,ðŸ‡ºðŸ‡¸ United States,6 minutes ago
79.132.240.242,8111,SOCKS5,ðŸ‡§ðŸ‡ª Belgium,6 minutes ago
173.212.245.45,7323,SOCKS5,ðŸ‡©ðŸ‡ª Germany,6 minutes ago
162.221.171.124,8111,SOCKS5,ðŸ‡ºðŸ‡¸ United States,6 minutes ago
88.247.167.157,8111,SOCKS5,ðŸ‡¹ðŸ‡· Turkey,7 minutes ago
73.93.73.206,8111,SOCKS5,ðŸ‡ºðŸ‡¸ United States,7 minutes ago
96.52.25.235,8111,SOCKS5,ðŸ‡¨ðŸ‡¦ Canada,7 minutes ago
103.90.159.34,8111,SOCKS5,ðŸ‡®ðŸ‡³ India,7 minutes ago
154.73.52.130,8111,SOCKS5,ðŸ‡±ðŸ‡¾ Libya,7 minutes ago
31.145.97.92,8111,SOCKS5,ðŸ‡¹ðŸ‡· Turkey,7 minutes ago
139.59.159.49,25818,SOCKS5,ðŸ‡©ðŸ‡ª Germany,7 minutes ago
73.118.197.221,8111,SOCKS5,ðŸ‡ºðŸ‡¸ United States,7 minutes ago
24.49.37.207,8111,SOCKS5,ðŸ‡ºðŸ‡¸ United States,7 minutes ago
205.215.254.25,8111,SOCKS5,ðŸ‡ºðŸ‡¸ United States,7 minutes ago
49.205.176.138,8111,SOCKS5,ðŸ‡®ðŸ‡³ India,7 minutes ago
88.247.86.253,8111,SOCKS5,ðŸ‡¹ðŸ‡· Turkey,8 minutes ago
70.174.105.149,8111,SOCKS5,ðŸ‡ºðŸ‡¸ United States,8 minutes ago
103.107.92.35,8111,SOCKS5,Unknown,8 minutes ago
137.119.118.38,8111,SOCKS5,ðŸ‡ºðŸ‡¸ United States,8 minutes ago
88.247.205.196,8111,SOCKS5,ðŸ‡¹ðŸ‡· Turkey,8 minutes ago
85.99.117.69,8111,SOCKS5,ðŸ‡¹ðŸ‡· Turkey,8 minutes ago
103.247.55.14,8111,SOCKS5,ðŸ‡®ðŸ‡³ India,8 minutes ago
95.9.198.55,8111,SOCKS5,ðŸ‡¹ðŸ‡· Turkey,8 minutes ago
103.255.103.2,8111,SOCKS5,ðŸ‡®ðŸ‡³ India,8 minutes ago
24.217.138.123,8111,SOCKS5,ðŸ‡ºðŸ‡¸ United States,8 minutes ago
49.229.37.137,8111,SOCKS5,ðŸ‡¹ðŸ‡­ Thailand,8 minutes ago
104.218.7.43,8111,SOCKS5,ðŸ‡ºðŸ‡¸ United States,8 minutes ago
68.108.135.241,8111,SOCKS5,ðŸ‡ºðŸ‡¸ United States,8 minutes ago
68.101.122.48,8111,SOCKS5,ðŸ‡ºðŸ‡¸ United States,8 minutes ago
68.109.86.79,8111,SOCKS5,ðŸ‡ºðŸ‡¸ United States,8 minutes ago
223.29.195.222,8111,SOCKS5,ðŸ‡®ðŸ‡³ India,8 minutes ago
188.127.86.85,8111,SOCKS5,ðŸ‡§ðŸ‡¬ Bulgaria,8 minutes ago
216.213.1.24,8111,SOCKS5,ðŸ‡ºðŸ‡¸ United States,8 minutes ago
78.188.10.207,8111,SOCKS5,ðŸ‡¹ðŸ‡· Turkey,8 minutes ago
38.127.179.216,10482,SOCKS5,ðŸ‡ºðŸ‡¸ United States,8 minutes ago
183.82.111.17,8111,SOCKS5,ðŸ‡®ðŸ‡³ India,9 minutes ago
88.247.171.38,8111,SOCKS5,ðŸ‡¹ðŸ‡· Turkey,9 minutes ago
68.1.73.93,8111,SOCKS5,ðŸ‡ºðŸ‡¸ United States,9 minutes ago
97.105.219.190,8111,SOCKS5,ðŸ‡ºðŸ‡¸ United States,9 minutes ago
45.112.136.214,8111,SOCKS5,ðŸ‡®ðŸ‡³ India,9 minutes ago
14.143.19.102,8111,SOCKS5,ðŸ‡®ðŸ‡³ India,9 minutes ago
73.168.206.41,8111,SOCKS5,ðŸ‡ºðŸ‡¸ United States,9 minutes ago
73.251.155.12,8111,SOCKS5,ðŸ‡ºðŸ‡¸ United States,9 minutes ago
103.134.46.226,8111,SOCKS5,Unknown,9 minutes ago
68.6.78.175,8111,SOCKS5,ðŸ‡ºðŸ‡¸ United States,9 minutes ago
103.215.148.235,8111,SOCKS5,ðŸ‡®ðŸ‡³ India,9 minutes ago
137.118.141.210,8111,SOCKS5,ðŸ‡ºðŸ‡¸ United States,9 minutes ago
45.185.6.35,7497,SOCKS5,Unknown,9 minutes ago
72.196.147.214,8111,SOCKS5,ðŸ‡ºðŸ‡¸ United States,9 minutes ago
162.245.178.196,8111,SOCKS5,ðŸ‡ºðŸ‡¸ United States,9 minutes ago
212.156.149.2,8111,SOCKS5,ðŸ‡¹ðŸ‡· Turkey,9 minutes ago
216.9.180.213,8111,SOCKS5,ðŸ‡ºðŸ‡¸ United States,9 minutes ago
200.55.247.3,7497,SOCKS5,ðŸ‡¦ðŸ‡· Argentina,9 minutes ago
85.104.122.197,8111,SOCKS5,ðŸ‡¹ðŸ‡· Turkey,9 minutes ago
50.63.13.228,24609,SOCKS5,ðŸ‡ºðŸ‡¸ United States,10 minutes ago
73.77.238.21,8111,SOCKS5,ðŸ‡ºðŸ‡¸ United States,10 minutes ago
73.245.248.4,8111,SOCKS5,ðŸ‡ºðŸ‡¸ United States,10 minutes ago
209.141.55.146,10388,SOCKS5,ðŸ‡ºðŸ‡¸ United States,10 minutes ago
182.71.115.100,8111,SOCKS5,ðŸ‡®ðŸ‡³ India,10 minutes ago
51.89.117.242,13985,SOCKS5,ðŸ‡¬ðŸ‡§ United Kingdom,10 minutes ago
46.147.194.197,1080,SOCKS5,ðŸ‡·ðŸ‡º Russia,10 minutes ago
165.227.4.81,7497,SOCKS5,ðŸ‡ºðŸ‡¸ United States,10 minutes ago
14.143.73.102,8111,SOCKS5,ðŸ‡®ðŸ‡³ India,10 minutes ago
182.75.23.170,8111,SOCKS5,ðŸ‡®ðŸ‡³ India,10 minutes ago
197.248.32.18,8111,SOCKS5,ðŸ‡°ðŸ‡ª Kenya,10 minutes ago
73.166.220.47,8111,SOCKS5,ðŸ‡ºðŸ‡¸ United States,10 minutes ago
88.247.215.77,8111,SOCKS5,ðŸ‡¹ðŸ‡· Turkey,10 minutes ago
81.214.62.219,8111,SOCKS5,ðŸ‡¹ðŸ‡· Turkey,11 minutes ago
92.101.95.210,1080,SOCKS5,ðŸ‡·ðŸ‡º Russia,11 minutes ago
1.222.250.27,8111,SOCKS5,ðŸ‡°ðŸ‡· Republic of Korea,11 minutes ago
45.161.236.252,7497,SOCKS5,Unknown,11 minutes ago
202.153.211.139,8111,SOCKS5,ðŸ‡¦ðŸ‡º Australia,11 minutes ago
198.15.5.124,8111,SOCKS5,ðŸ‡ºðŸ‡¸ United States,11 minutes ago
167.250.29.61,8111,SOCKS5,ðŸ‡§ðŸ‡· Brazil,11 minutes ago
183.88.213.130,8111,SOCKS5,ðŸ‡¹ðŸ‡­ Thailand,11 minutes ago
99.7.225.130,8111,SOCKS5,ðŸ‡ºðŸ‡¸ United States,11 minutes ago
70.183.101.103,8111,SOCKS5,ðŸ‡ºðŸ‡¸ United States,11 minutes ago
70.191.111.47,8111,SOCKS5,ðŸ‡ºðŸ‡¸ United States,11 minutes ago
38.100.209.183,8111,SOCKS5,ðŸ‡ºðŸ‡¸ United States,11 minutes ago
119.18.38.245,8111,SOCKS5,ðŸ‡¦ðŸ‡º Australia,11 minutes ago
1.186.144.150,8111,SOCKS5,ðŸ‡®ðŸ‡³ India,11 minutes ago
78.188.114.228,8111,SOCKS5,ðŸ‡¹ðŸ‡· Turkey,11 minutes ago
138.197.66.68,24022,SOCKS5,ðŸ‡ºðŸ‡¸ United States,11 minutes ago
49.205.176.87,8111,SOCKS5,ðŸ‡®ðŸ‡³ India,11 minutes ago
37.26.179.230,8111,SOCKS5,ðŸ‡«ðŸ‡· France,11 minutes ago
117.201.241.130,8111,SOCKS5,ðŸ‡®ðŸ‡³ India,12 minutes ago
73.103.253.54,8111,SOCKS5,ðŸ‡ºðŸ‡¸ United States,12 minutes ago
88.250.183.167,8111,SOCKS5,ðŸ‡¹ðŸ‡· Turkey,12 minutes ago
121.182.50.201,8111,SOCKS5,ðŸ‡°ðŸ‡· Republic of Korea,12 minutes ago
95.9.226.253,8111,SOCKS5,ðŸ‡¹ðŸ‡· Turkey,12 minutes ago
187.188.85.31,8111,SOCKS5,ðŸ‡²ðŸ‡½ Mexico,12 minutes ago
72.200.246.179,8111,SOCKS5,ðŸ‡ºðŸ‡¸ United States,12 minutes ago
72.49.238.117,8111,SOCKS5,ðŸ‡ºðŸ‡¸ United States,12 minutes ago
71.229.211.84,8111,SOCKS5,ðŸ‡ºðŸ‡¸ United States,12 minutes ago
113.161.239.248,8111,SOCKS5,ðŸ‡»ðŸ‡³ Vietnam,12 minutes ago
216.158.141.102,8111,SOCKS5,ðŸ‡ºðŸ‡¸ United States,12 minutes ago
173.82.245.25,7497,SOCKS5,ðŸ‡ºðŸ‡¸ United States,12 minutes ago
64.46.9.76,8111,SOCKS5,ðŸ‡¨ðŸ‡¦ Canada,12 minutes ago
213.7.203.110,8111,SOCKS5,ðŸ‡¨ðŸ‡¾ Cyprus,12 minutes ago
142.105.242.78,8111,SOCKS5,ðŸ‡ºðŸ‡¸ United States,12 minutes ago
66.108.160.5,8111,SOCKS5,ðŸ‡ºðŸ‡¸ United States,12 minutes ago
137.118.138.89,8111,SOCKS5,ðŸ‡ºðŸ‡¸ United States,12 minutes ago
174.75.30.122,8111,SOCKS5,ðŸ‡ºðŸ‡¸ United States,12 minutes ago
183.82.1.59,8111,SOCKS5,ðŸ‡®ðŸ‡³ India,12 minutes ago
73.192.191.15,8111,SOCKS5,ðŸ‡ºðŸ‡¸ United States,12 minutes ago
38.125.94.128,23554,SOCKS5,ðŸ‡ºðŸ‡¸ United States,12 minutes ago
185.51.38.89,8111,SOCKS5,ðŸ‡¹ðŸ‡· Turkey,13 minutes ago
207.172.231.31,8111,SOCKS5,ðŸ‡ºðŸ‡¸ United States,13 minutes ago
12.47.143.130,8111,SOCKS5,ðŸ‡ºðŸ‡¸ United States,13 minutes ago
95.9.155.148,8111,SOCKS5,ðŸ‡¹ðŸ‡· Turkey,13 minutes ago
190.214.50.130,8111,SOCKS5,ðŸ‡ªðŸ‡¨ Ecuador,13 minutes ago
89.22.106.31,32197,SOCKS5,ðŸ‡©ðŸ‡ª Germany,13 minutes ago
72.193.152.196,8111,SOCKS5,ðŸ‡ºðŸ‡¸ United States,13 minutes ago
197.245.233.218,8111,SOCKS5,ðŸ‡¿ðŸ‡¦ South Africa,13 minutes ago
173.246.15.185,8111,SOCKS5,ðŸ‡¨ðŸ‡¦ Canada,13 minutes ago
159.89.163.128,7497,SOCKS5,ðŸ‡ºðŸ‡¸ United States,13 minutes ago
137.118.140.110,8111,SOCKS5,ðŸ‡ºðŸ‡¸ United States,13 minutes ago
76.76.196.122,8111,SOCKS5,ðŸ‡µðŸ‡· Puerto Rico,13 minutes ago
45.251.34.116,8111,SOCKS5,ðŸ‡®ðŸ‡³ India,13 minutes ago
78.187.225.4,8111,SOCKS5,ðŸ‡¹ðŸ‡· Turkey,13 minutes ago
88.247.167.84,8111,SOCKS5,ðŸ‡¹ðŸ‡· Turkey,13 minutes ago
45.46.230.252,8111,SOCKS5,ðŸ‡ºðŸ‡¸ United States,13 minutes ago
163.172.140.172,7497,SOCKS5,ðŸ‡«ðŸ‡· France,13 minutes ago
110.77.136.71,8111,SOCKS5,ðŸ‡¹ðŸ‡­ Thailand,13 minutes ago
1.10.168.27,8111,SOCKS5,ðŸ‡¹ðŸ‡­ Thailand,13 minutes ago
109.228.251.210,8111,SOCKS5,ðŸ‡¹ðŸ‡· Turkey,14 minutes ago
70.172.246.57,8111,SOCKS5,ðŸ‡ºðŸ‡¸ United States,14 minutes ago
138.197.66.68,13157,SOCKS5,ðŸ‡ºðŸ‡¸ United States,14 minutes ago
70.175.33.179,8111,SOCKS5,ðŸ‡ºðŸ‡¸ United States,14 minutes ago
73.220.217.107,8111,SOCKS5,ðŸ‡ºðŸ‡¸ United States,14 minutes ago
112.133.215.5,8111,SOCKS5,ðŸ‡®ðŸ‡³ India,14 minutes ago
1.251.79.106,8111,SOCKS5,ðŸ‡°ðŸ‡· Republic of Korea,14 minutes ago
202.131.126.2,8111,SOCKS5,ðŸ‡®ðŸ‡³ India,14 minutes ago
113.161.131.247,8111,SOCKS5,ðŸ‡»ðŸ‡³ Vietnam,14 minutes ago
207.154.208.217,7497,SOCKS5,ðŸ‡©ðŸ‡ª Germany,14 minutes ago
201.184.65.75,8111,SOCKS5,ðŸ‡¨ðŸ‡´ Colombia,14 minutes ago
72.219.144.152,8111,SOCKS5,ðŸ‡ºðŸ‡¸ United States,14 minutes ago
192.74.246.152,1080,SOCKS5,ðŸ‡ºðŸ‡¸ United States,14 minutes ago
121.182.125.199,8111,SOCKS5,ðŸ‡°ðŸ‡· Republic of Korea,14 minutes ago
167.99.207.119,7497,SOCKS5,ðŸ‡ºðŸ‡¸ United States,14 minutes ago
208.38.224.74,8111,SOCKS5,ðŸ‡ºðŸ‡¸ United States,14 minutes ago
103.74.72.154,8111,SOCKS5,ðŸ‡®ðŸ‡³ India,14 minutes ago
68.7.63.68,8111,SOCKS5,ðŸ‡ºðŸ‡¸ United States,14 minutes ago
68.185.196.249,8111,SOCKS5,ðŸ‡ºðŸ‡¸ United States,14 minutes ago
64.71.110.88,8111,SOCKS5,ðŸ‡ºðŸ‡¸ United States,14 minutes ago
168.91.230.58,8111,SOCKS5,ðŸ‡ºðŸ‡¸ United States,14 minutes ago
183.82.0.118,8111,SOCKS5,ðŸ‡®ðŸ‡³ India,14 minutes ago
96.76.76.113,8111,SOCKS5,ðŸ‡ºðŸ‡¸ United States,14 minutes ago
121.180.189.71,8111,SOCKS5,ðŸ‡°ðŸ‡· Republic of Korea,14 minutes ago
78.186.68.164,8111,SOCKS5,ðŸ‡¹ðŸ‡· Turkey,14 minutes ago
78.186.10.56,8111,SOCKS5,ðŸ‡¹ðŸ‡· Turkey,14 minutes ago
96.95.35.25,8111,SOCKS5,ðŸ‡ºðŸ‡¸ United States,14 minutes ago
88.248.182.59,8111,SOCKS5,ðŸ‡¹ðŸ‡· Turkey,15 minutes ago
173.219.184.45,8111,SOCKS5,ðŸ‡ºðŸ‡¸ United States,15 minutes ago
104.200.93.129,8111,SOCKS5,ðŸ‡¨ðŸ‡¦ Canada,15 minutes ago
59.23.107.117,8111,SOCKS5,ðŸ‡°ðŸ‡· Republic of Korea,15 minutes ago
194.71.23.86,51486,SOCKS5,ðŸ‡³ðŸ‡´ Norway,15 minutes ago
72.218.211.232,8111,SOCKS5,ðŸ‡ºðŸ‡¸ United States,15 minutes ago
68.68.83.58,8111,SOCKS5,ðŸ‡ºðŸ‡¸ United States,15 minutes ago
157.90.75.16,7497,SOCKS5,ðŸ‡ºðŸ‡¸ United States,15 minutes ago
188.165.208.131,19334,SOCKS5,ðŸ‡«ðŸ‡· France,15 minutes ago
182.71.103.226,8111,SOCKS5,ðŸ‡®ðŸ‡³ India,15 minutes ago
183.82.125.151,8111,SOCKS5,ðŸ‡®ðŸ‡³ India,15 minutes ago
190.104.250.34,8111,SOCKS5,ðŸ‡¦ðŸ‡· Argentina,15 minutes ago
103.215.161.213,8111,SOCKS5,ðŸ‡¦ðŸ‡º Australia,15 minutes ago
73.235.3.110,8111,SOCKS5,ðŸ‡ºðŸ‡¸ United States,15 minutes ago
142.93.113.81,7497,SOCKS5,ðŸ‡¨ðŸ‡¦ Canada,15 minutes ago
207.253.67.220,8111,SOCKS5,ðŸ‡¨ðŸ‡¦ Canada,15 minutes ago
103.251.141.162,8111,SOCKS5,ðŸ‡®ðŸ‡³ India,15 minutes ago
202.164.40.184,8111,SOCKS5,ðŸ‡®ðŸ‡³ India,15 minutes ago
187.189.252.2,8111,SOCKS5,ðŸ‡²ðŸ‡½ Mexico,15 minutes ago
137.118.215.11,8111,SOCKS5,ðŸ‡ºðŸ‡¸ United States,15 minutes ago
88.247.227.14,8111,SOCKS5,ðŸ‡¹ðŸ‡· Turkey,15 minutes ago
24.56.27.59,8111,SOCKS5,ðŸ‡ºðŸ‡¸ United States,16 minutes ago
182.70.117.132,8111,SOCKS5,ðŸ‡®ðŸ‡³ India,16 minutes ago
45.112.53.76,8111,SOCKS5,ðŸ‡®ðŸ‡³ India,16 minutes ago
216.146.241.180,8111,SOCKS5,ðŸ‡ºðŸ‡¸ United States,16 minutes ago
85.105.222.59,8111,SOCKS5,ðŸ‡¹ðŸ‡· Turkey,16 minutes ago
73.173.197.4,8111,SOCKS5,ðŸ‡ºðŸ‡¸ United States,16 minutes ago
208.169.82.120,8111,SOCKS5,ðŸ‡°ðŸ‡¾ Cayman Islands,16 minutes ago
173.246.19.87,8111,SOCKS5,ðŸ‡¨ðŸ‡¦ Canada,16 minutes ago
95.174.119.8,1080,SOCKS5,ðŸ‡·ðŸ‡º Russia,16 minutes ago
88.250.220.7,8111,SOCKS5,ðŸ‡¹ðŸ‡· Turkey,16 minutes ago
180.211.118.142,8111,SOCKS5,ðŸ‡®ðŸ‡³ India,16 minutes ago
73.187.32.69,8111,SOCKS5,ðŸ‡ºðŸ‡¸ United States,16 minutes ago
24.252.8.122,8111,SOCKS5,ðŸ‡ºðŸ‡¸ United States,16 minutes ago
78.189.19.199,8111,SOCKS5,ðŸ‡¹ðŸ‡· Turkey,16 minutes ago
88.250.181.135,8111,SOCKS5,ðŸ‡¹ðŸ‡· Turkey,16 minutes ago
98.161.224.91,8111,SOCKS5,ðŸ‡ºðŸ‡¸ United States,16 minutes ago
198.74.58.55,7497,SOCKS5,ðŸ‡ºðŸ‡¸ United States,16 minutes ago
103.106.136.67,8111,SOCKS5,Unknown,16 minutes ago
187.188.188.38,8111,SOCKS5,ðŸ‡²ðŸ‡½ Mexico,16 minutes ago
216.105.213.192,8111,SOCKS5,ðŸ‡ºðŸ‡¸ United States,17 minutes ago
71.234.111.96,8111,SOCKS5,ðŸ‡ºðŸ‡¸ United States,17 minutes ago
14.139.110.210,8111,SOCKS5,ðŸ‡®ðŸ‡³ India,17 minutes ago
104.204.254.9,8111,SOCKS5,ðŸ‡¨ðŸ‡¦ Canada,17 minutes ago
183.82.6.102,8111,SOCKS5,ðŸ‡®ðŸ‡³ India,17 minutes ago
49.205.179.212,8111,SOCKS5,ðŸ‡®ðŸ‡³ India,17 minutes ago
85.99.239.22,8111,SOCKS5,ðŸ‡¹ðŸ‡· Turkey,17 minutes ago
198.153.84.231,8111,SOCKS5,ðŸ‡ºðŸ‡¸ United States,17 minutes ago
64.33.96.134,8111,SOCKS5,ðŸ‡ºðŸ‡¸ United States,17 minutes ago
45.169.70.9,7497,SOCKS5,Unknown,17 minutes ago
173.212.250.65,39664,SOCKS5,ðŸ‡©ðŸ‡ª Germany,17 minutes ago
212.156.83.158,8111,SOCKS5,ðŸ‡¹ðŸ‡· Turkey,17 minutes ago
212.156.73.142,8111,SOCKS5,ðŸ‡¹ðŸ‡· Turkey,18 minutes ago
73.152.110.67,8111,SOCKS5,ðŸ‡ºðŸ‡¸ United States,18 minutes ago
14.102.27.13,8111,SOCKS5,ðŸ‡®ðŸ‡³ India,18 minutes ago
183.82.5.19,8111,SOCKS5,ðŸ‡®ðŸ‡³ India,18 minutes ago
129.126.197.33,8111,SOCKS5,ðŸ‡¸ðŸ‡¬ Singapore,18 minutes ago
167.71.220.29,7497,SOCKS5,ðŸ‡ºðŸ‡¸ United States,18 minutes ago
183.89.221.107,8111,SOCKS5,ðŸ‡¹ðŸ‡­ Thailand,18 minutes ago
72.11.160.75,8111,SOCKS5,ðŸ‡¨ðŸ‡¦ Canada,18 minutes ago
24.147.138.138,8111,SOCKS5,ðŸ‡ºðŸ‡¸ United States,18 minutes ago
142.11.196.7,7497,SOCKS5,ðŸ‡ºðŸ‡¸ United States,18 minutes ago
170.239.151.198,8111,SOCKS5,ðŸ‡²ðŸ‡½ Mexico,18 minutes ago
148.74.59.99,8111,SOCKS5,ðŸ‡ºðŸ‡¸ United States,18 minutes ago
137.118.216.122,8111,SOCKS5,ðŸ‡ºðŸ‡¸ United States,18 minutes ago
73.217.10.10,8111,SOCKS5,ðŸ‡ºðŸ‡¸ United States,18 minutes ago
117.247.191.76,8111,SOCKS5,ðŸ‡®ðŸ‡³ India,19 minutes ago
209.23.38.126,8111,SOCKS5,ðŸ‡ºðŸ‡¸ United States,19 minutes ago
162.245.178.122,8111,SOCKS5,ðŸ‡ºðŸ‡¸ United States,19 minutes ago
73.73.86.203,8111,SOCKS5,ðŸ‡ºðŸ‡¸ United States,19 minutes ago
81.214.74.219,8111,SOCKS5,ðŸ‡¹ðŸ‡· Turkey,19 minutes ago
119.18.34.100,8111,SOCKS5,ðŸ‡¦ðŸ‡º Australia,19 minutes ago
103.41.35.146,8111,SOCKS5,ðŸ‡®ðŸ‡³ India,19 minutes ago
203.194.52.78,8111,SOCKS5,ðŸ‡¦ðŸ‡º Australia,19 minutes ago
