Ip,Port,Protocol
162.19.50.37,80,SOCKS4
103.4.94.178,41350,SOCKS4
91.213.119.246,46024,SOCKS4
88.249.20.78,8111,SOCKS4
173.212.250.65,1380,SOCKS4
176.215.77.168,1080,SOCKS4
109.120.218.158,10801,SOCKS4
91.238.190.26,8080,SOCKS4
216.158.141.102,8111,SOCKS4
183.237.47.54,9091,SOCKS4
174.75.211.222,4145,SOCKS4
54.38.134.219,41800,SOCKS4
190.61.4.74,44435,SOCKS4
183.82.1.59,8111,SOCKS4
107.178.7.186,8111,SOCKS4
202.115.112.136,80,SOCKS4
198.15.4.26,8111,SOCKS4
202.53.174.22,1080,SOCKS4
117.160.250.133,81,SOCKS4
95.0.60.156,8111,SOCKS4
139.59.88.145,8888,SOCKS4
98.188.47.150,4145,SOCKS4
38.100.209.183,8111,SOCKS4
110.40.166.173,80,SOCKS4
184.181.217.194,4145,SOCKS4
8.39.228.133,39593,SOCKS4
201.76.172.74,8111,SOCKS4
103.107.172.21,8111,SOCKS4
38.125.94.232,60432,SOCKS4
192.69.126.88,8111,SOCKS4
73.170.162.215,8111,SOCKS4
72.206.181.103,4145,SOCKS4
66.208.64.40,8111,SOCKS4
51.83.34.150,34214,SOCKS4
201.76.184.102,8111,SOCKS4
41.218.78.155,8111,SOCKS4
114.116.2.116,8001,SOCKS4
192.111.139.163,19404,SOCKS4
117.160.250.133,80,SOCKS4
67.222.124.184,8111,SOCKS4
73.132.151.52,8111,SOCKS4
72.249.209.140,5678,SOCKS4
113.160.247.180,4145,SOCKS4
192.111.137.34,18765,SOCKS4
178.212.54.137,5678,SOCKS4
200.33.152.253,4153,SOCKS4
221.231.13.198,1080,SOCKS4
38.21.137.9,8111,SOCKS4
41.70.12.54,5678,SOCKS4
150.158.40.180,2080,SOCKS4
41.149.135.34,1080,SOCKS4
162.250.213.252,8111,SOCKS4
184.178.172.11,4145,SOCKS4
203.89.126.250,80,SOCKS4
174.64.199.82,4145,SOCKS4
181.209.219.28,4153,SOCKS4
103.15.56.245,8111,SOCKS4
73.220.217.107,8111,SOCKS4
138.68.17.164,49047,SOCKS4
167.172.102.133,17744,SOCKS4
72.206.181.97,64943,SOCKS4
60.205.200.98,3129,SOCKS4
117.247.191.76,8111,SOCKS4
116.212.142.231,33427,SOCKS4
120.196.188.21,9091,SOCKS4
202.137.141.183,5678,SOCKS4
78.186.210.29,8111,SOCKS4
72.221.232.155,4145,SOCKS4
177.220.226.122,50151,SOCKS4
64.124.191.98,32688,SOCKS4
180.235.65.13,80,SOCKS4
120.197.219.82,9091,SOCKS4
183.82.105.11,8111,SOCKS4
117.160.250.163,81,SOCKS4
62.171.166.158,2170,SOCKS4
129.205.157.45,8111,SOCKS4
94.232.11.178,58028,SOCKS4
103.9.188.138,52269,SOCKS4
58.27.59.249,80,SOCKS4
103.83.232.122,80,SOCKS4
103.106.136.67,8111,SOCKS4
200.106.216.51,63253,SOCKS4
137.119.107.87,8111,SOCKS4
86.110.189.118,42539,SOCKS4
204.185.204.64,8080,SOCKS4
177.234.217.92,999,SOCKS4
74.221.17.143,8111,SOCKS4
173.212.250.65,39664,SOCKS4
103.216.82.37,6667,SOCKS4
142.93.78.172,14729,SOCKS4
68.1.210.163,4145,SOCKS4
59.44.203.138,9091,SOCKS4
103.152.232.122,3125,SOCKS4
216.137.184.253,80,SOCKS4
198.153.84.231,8111,SOCKS4
72.210.221.197,4145,SOCKS4
14.139.110.194,8111,SOCKS4
103.166.191.202,5678,SOCKS4
201.184.65.74,8111,SOCKS4
137.184.14.31,33887,SOCKS4
72.195.114.184,4145,SOCKS4
38.125.89.105,44283,SOCKS4
146.190.224.4,8888,SOCKS4
86.28.76.188,4145,SOCKS4
187.95.136.46,5678,SOCKS4
184.178.172.17,4145,SOCKS4
41.79.10.218,4673,SOCKS4
117.160.250.132,9999,SOCKS4
117.160.250.163,8081,SOCKS4
170.233.148.2,4153,SOCKS4
178.254.174.145,6666,SOCKS4
209.23.58.53,8111,SOCKS4
181.177.20.67,80,SOCKS4
103.163.36.40,5678,SOCKS4
103.148.45.167,4145,SOCKS4
46.171.28.162,59311,SOCKS4
85.172.66.254,1099,SOCKS4
217.60.194.43,8080,SOCKS4
187.189.131.207,8111,SOCKS4
116.206.61.179,5678,SOCKS4
117.160.250.137,9999,SOCKS4
31.146.161.194,5678,SOCKS4
14.139.230.108,8111,SOCKS4
137.118.191.232,8111,SOCKS4
47.240.226.173,1080,SOCKS4
159.65.63.209,8888,SOCKS4
37.236.59.83,8080,SOCKS4
98.181.137.83,4145,SOCKS4
87.245.170.247,3128,SOCKS4
158.58.134.15,5678,SOCKS4
38.125.94.112,36888,SOCKS4
117.160.250.163,80,SOCKS4
193.3.20.13,80,SOCKS4
193.122.71.184,3128,SOCKS4
85.62.10.93,8080,SOCKS4
88.250.220.7,8111,SOCKS4
103.252.7.125,8111,SOCKS4
157.245.1.59,51438,SOCKS4
65.20.192.167,8080,SOCKS4
41.216.167.34,5678,SOCKS4
185.11.139.198,8088,SOCKS4
216.105.214.238,8111,SOCKS4
138.197.66.68,56150,SOCKS4
94.79.135.186,8111,SOCKS4
182.73.157.238,8111,SOCKS4
167.172.23.19,46105,SOCKS4
139.9.62.22,80,SOCKS4
38.10.246.78,999,SOCKS4
91.109.239.142,8111,SOCKS4
157.100.56.179,999,SOCKS4
223.96.90.216,8085,SOCKS4
63.135.63.145,8111,SOCKS4
184.181.217.201,4145,SOCKS4
88.248.13.48,8111,SOCKS4
12.187.55.1,39593,SOCKS4
91.223.32.102,4153,SOCKS4
196.27.105.130,4153,SOCKS4
51.104.203.226,35000,SOCKS4
174.64.199.79,4145,SOCKS4
85.105.170.91,8111,SOCKS4
110.44.121.90,8111,SOCKS4
62.193.110.132,1976,SOCKS4
184.17.92.45,8118,SOCKS4
67.198.30.74,8111,SOCKS4
182.76.68.234,8111,SOCKS4
173.242.241.159,8111,SOCKS4
63.250.49.159,8111,SOCKS4
191.243.56.146,4153,SOCKS4
85.105.100.116,8111,SOCKS4
80.66.81.40,8080,SOCKS4
109.69.0.179,5678,SOCKS4
218.75.38.154,9091,SOCKS4
51.38.32.142,43478,SOCKS4
168.149.205.61,8111,SOCKS4
125.253.125.132,46051,SOCKS4
137.119.107.23,8111,SOCKS4
36.255.211.1,55438,SOCKS4
159.65.6.173,34733,SOCKS4
45.136.108.61,8111,SOCKS4
68.109.179.132,8111,SOCKS4
46.23.155.18,62638,SOCKS4
159.192.97.156,4145,SOCKS4
216.105.213.79,8111,SOCKS4
200.116.227.98,33337,SOCKS4
138.0.207.18,38328,SOCKS4
186.1.182.194,4153,SOCKS4
45.70.201.179,999,SOCKS4
156.200.116.73,1981,SOCKS4
185.219.69.152,8193,SOCKS4
189.90.63.122,4153,SOCKS4
206.189.118.100,8349,SOCKS4
40.129.203.4,8080,SOCKS4
41.57.16.1,8080,SOCKS4
159.223.173.116,53936,SOCKS4
192.111.135.18,18301,SOCKS4
118.107.44.181,80,SOCKS4
212.49.94.7,5678,SOCKS4
103.12.28.83,4145,SOCKS4
1.85.52.250,9797,SOCKS4
85.93.231.158,8111,SOCKS4
66.102.52.136,8111,SOCKS4
117.160.250.131,8081,SOCKS4
122.146.95.183,4145,SOCKS4
122.50.7.186,8080,SOCKS4
117.160.250.137,82,SOCKS4
178.128.163.157,64898,SOCKS4
164.68.114.84,18868,SOCKS4
104.203.36.104,8111,SOCKS4
192.111.137.37,18762,SOCKS4
62.3.41.234,8080,SOCKS4
117.160.250.132,8080,SOCKS4
165.232.149.87,8888,SOCKS4
163.116.131.129,8080,SOCKS4
117.160.250.130,81,SOCKS4
173.0.19.10,8111,SOCKS4
120.89.90.218,3125,SOCKS4
104.238.80.180,39605,SOCKS4
183.163.123.224,38801,SOCKS4
209.166.175.201,8080,SOCKS4
73.164.231.19,8111,SOCKS4
186.1.206.154,1080,SOCKS4
88.249.119.144,8111,SOCKS4
203.194.103.30,5678,SOCKS4
103.242.104.245,5678,SOCKS4
64.124.145.1,1080,SOCKS4
37.236.60.35,8080,SOCKS4
65.169.38.73,26592,SOCKS4
216.8.251.198,8111,SOCKS4
103.82.11.233,4153,SOCKS4
72.49.49.11,31034,SOCKS4
191.52.253.124,4153,SOCKS4
45.174.168.1,999,SOCKS4
63.151.70.49,8111,SOCKS4
177.6.254.194,8080,SOCKS4
49.0.2.242,8090,SOCKS4
103.81.64.74,1080,SOCKS4
72.195.114.169,4145,SOCKS4
195.248.242.77,53542,SOCKS4
176.235.248.154,8111,SOCKS4
36.95.177.177,8080,SOCKS4
49.205.178.101,8111,SOCKS4
103.200.135.226,4145,SOCKS4
77.73.67.161,1080,SOCKS4
45.70.204.21,4145,SOCKS4
103.106.193.137,7532,SOCKS4
194.67.118.152,9611,SOCKS4
161.97.220.9,8111,SOCKS4
182.75.218.198,8111,SOCKS4
83.229.72.174,80,SOCKS4
184.181.217.220,4145,SOCKS4
45.33.211.59,8111,SOCKS4
115.42.2.251,53281,SOCKS4
177.174.126.203,8080,SOCKS4
85.99.114.57,8111,SOCKS4
60.190.195.146,1080,SOCKS4
191.7.213.71,31576,SOCKS4
207.172.231.31,8111,SOCKS4
79.132.208.75,3128,SOCKS4
24.4.72.182,8111,SOCKS4
70.114.254.128,8111,SOCKS4
174.68.180.91,8111,SOCKS4
117.160.250.131,82,SOCKS4
173.212.225.85,9903,SOCKS4
68.69.40.39,8111,SOCKS4
103.238.68.87,40921,SOCKS4
154.85.58.149,80,SOCKS4
101.42.107.34,34625,SOCKS4
117.160.250.137,80,SOCKS4
92.255.164.166,4145,SOCKS4
192.111.130.5,17002,SOCKS4
117.103.5.234,60113,SOCKS4
36.93.199.115,5678,SOCKS4
14.139.57.195,23500,SOCKS4
103.145.45.93,51372,SOCKS4
185.161.186.133,54321,SOCKS4
161.35.140.31,8888,SOCKS4
181.236.221.138,4145,SOCKS4
60.21.210.178,10808,SOCKS4
157.230.38.184,17241,SOCKS4
190.211.161.210,32410,SOCKS4
81.169.137.121,18802,SOCKS4
188.217.173.148,80,SOCKS4
206.189.251.0,21875,SOCKS4
202.163.72.74,4153,SOCKS4
190.89.90.56,4153,SOCKS4
123.171.1.178,8089,SOCKS4
219.143.118.67,80,SOCKS4
95.0.101.178,8111,SOCKS4
60.198.53.23,80,SOCKS4
175.101.80.140,8080,SOCKS4
176.88.212.58,8111,SOCKS4
177.66.244.100,5678,SOCKS4
138.201.185.118,38304,SOCKS4
89.28.32.203,57391,SOCKS4
183.82.103.19,8111,SOCKS4
31.145.27.90,8111,SOCKS4
119.29.40.41,8001,SOCKS4
85.117.56.83,8080,SOCKS4
177.184.67.93,4145,SOCKS4
49.51.189.171,21127,SOCKS4
185.9.45.107,5678,SOCKS4
134.249.151.4,40046,SOCKS4
213.145.137.102,37447,SOCKS4
173.212.245.45,41854,SOCKS4
81.214.137.233,8111,SOCKS4
46.149.34.206,3629,SOCKS4
138.197.66.68,14640,SOCKS4
1.22.228.184,8111,SOCKS4
103.157.126.115,8111,SOCKS4
37.205.81.41,4145,SOCKS4
157.230.97.17,8888,SOCKS4
187.19.127.238,4153,SOCKS4
121.150.239.66,8111,SOCKS4
81.214.36.253,8111,SOCKS4
123.253.124.28,5678,SOCKS4
115.243.44.219,8111,SOCKS4
68.13.63.208,8111,SOCKS4
81.214.74.219,8111,SOCKS4
213.230.66.38,8080,SOCKS4
85.105.42.110,8111,SOCKS4
72.195.34.41,4145,SOCKS4
114.86.181.92,9000,SOCKS4
177.93.78.54,4153,SOCKS4
98.170.57.231,4145,SOCKS4
114.6.227.28,8080,SOCKS4
201.222.45.39,999,SOCKS4
102.219.33.109,1080,SOCKS4
45.135.233.218,9999,SOCKS4
73.192.191.15,8111,SOCKS4
185.6.10.137,47195,SOCKS4
177.221.220.136,4145,SOCKS4
131.221.120.196,5678,SOCKS4
165.22.58.191,42311,SOCKS4
67.206.232.113,999,SOCKS4
117.160.250.130,8081,SOCKS4
38.10.246.85,999,SOCKS4
111.225.153.254,8089,SOCKS4
85.14.243.31,3128,SOCKS4
78.188.108.219,8111,SOCKS4
72.206.181.105,64935,SOCKS4
78.187.194.145,8111,SOCKS4
117.160.250.137,81,SOCKS4
88.247.204.18,8111,SOCKS4
181.48.193.42,2580,SOCKS4
72.198.109.157,8111,SOCKS4
85.105.84.161,8111,SOCKS4
192.252.220.92,17328,SOCKS4
91.194.239.122,5678,SOCKS4
118.186.17.243,39665,SOCKS4
117.160.250.131,9999,SOCKS4
116.113.68.130,9091,SOCKS4
58.20.184.187,9091,SOCKS4
72.210.221.223,4145,SOCKS4
201.184.230.34,5678,SOCKS4
197.235.12.130,4145,SOCKS4
103.35.108.206,4145,SOCKS4
27.123.3.138,4145,SOCKS4
182.52.67.122,50801,SOCKS4
173.214.140.71,8111,SOCKS4
103.200.135.228,4145,SOCKS4
209.20.136.92,8111,SOCKS4
216.113.55.179,8111,SOCKS4
94.77.234.235,8111,SOCKS4
89.237.34.13,51549,SOCKS4
117.160.250.137,8080,SOCKS4
45.249.101.4,56457,SOCKS4
183.220.6.198,9091,SOCKS4
207.241.148.88,80,SOCKS4
36.89.214.20,4480,SOCKS4
98.188.47.132,4145,SOCKS4
103.156.14.24,4145,SOCKS4
41.79.10.198,8111,SOCKS4
158.140.190.211,5678,SOCKS4
58.17.24.162,9091,SOCKS4
124.158.167.242,8080,SOCKS4
50.96.204.3,18351,SOCKS4
103.127.204.117,27217,SOCKS4
117.160.250.133,9999,SOCKS4
36.93.30.197,8080,SOCKS4
68.104.149.146,8111,SOCKS4
103.169.24.118,3127,SOCKS4
103.166.39.33,3629,SOCKS4
187.52.105.156,4153,SOCKS4
111.225.153.159,8089,SOCKS4
135.181.140.218,60000,SOCKS4
137.184.104.222,33030,SOCKS4
36.89.229.97,50540,SOCKS4
46.35.97.10,8111,SOCKS4
137.119.63.30,8111,SOCKS4
68.183.242.248,3128,SOCKS4
183.221.221.149,9091,SOCKS4
103.142.110.202,5678,SOCKS4
85.105.51.166,8111,SOCKS4
167.172.23.19,63338,SOCKS4
94.72.61.46,1080,SOCKS4
200.199.226.174,4153,SOCKS4
120.237.144.200,9091,SOCKS4
190.61.4.74,34045,SOCKS4
139.59.230.221,5000,SOCKS4
178.62.226.96,35532,SOCKS4
104.203.194.156,8111,SOCKS4
38.242.219.166,53945,SOCKS4
64.5.73.63,8111,SOCKS4
5.165.2.223,3629,SOCKS4
187.16.255.69,4153,SOCKS4
31.44.82.182,5678,SOCKS4
192.111.139.162,4145,SOCKS4
47.105.91.226,8118,SOCKS4
80.249.112.162,80,SOCKS4
123.182.59.12,8089,SOCKS4
187.37.121.236,4153,SOCKS4
192.154.192.87,9000,SOCKS4
170.81.253.154,8111,SOCKS4
184.178.172.26,4145,SOCKS4
194.67.118.152,7404,SOCKS4
42.228.61.245,9091,SOCKS4
45.149.77.141,7000,SOCKS4
103.131.19.172,1080,SOCKS4
98.162.25.7,31653,SOCKS4
177.38.245.110,55713,SOCKS4
67.240.131.41,8111,SOCKS4
201.93.159.234,4145,SOCKS4
121.183.110.138,8111,SOCKS4
38.125.89.150,36888,SOCKS4
103.88.135.76,5678,SOCKS4
177.124.225.73,1080,SOCKS4
37.44.238.2,63617,SOCKS4
162.118.99.139,8111,SOCKS4
93.175.204.173,8080,SOCKS4
72.49.238.117,8111,SOCKS4
103.242.104.44,5678,SOCKS4
102.64.117.254,4145,SOCKS4
80.92.227.185,5678,SOCKS4
103.215.148.235,8111,SOCKS4
171.6.104.159,1099,SOCKS4
173.195.27.133,10091,SOCKS4
103.161.122.151,30160,SOCKS4
172.105.184.208,8001,SOCKS4
143.0.124.232,63253,SOCKS4
121.182.30.124,8111,SOCKS4
38.125.89.237,32755,SOCKS4
154.236.184.70,1981,SOCKS4
14.102.84.34,8111,SOCKS4
62.182.114.164,59623,SOCKS4
125.66.100.112,9091,SOCKS4
159.89.163.128,7497,SOCKS4
113.161.131.247,8111,SOCKS4
198.98.58.212,15585,SOCKS4
121.200.25.194,8111,SOCKS4
119.3.9.219,8118,SOCKS4
103.97.94.22,4153,SOCKS4
163.53.186.250,5678,SOCKS4
49.87.250.109,7890,SOCKS4
212.126.108.181,5678,SOCKS4
109.111.251.158,6666,SOCKS4
216.119.41.76,8111,SOCKS4
113.161.166.16,8111,SOCKS4
49.205.195.78,8111,SOCKS4
36.67.88.77,4153,SOCKS4
85.114.112.22,5678,SOCKS4
31.145.175.114,8111,SOCKS4
201.150.119.48,999,SOCKS4
78.188.218.77,8111,SOCKS4
119.10.177.90,4145,SOCKS4
125.228.143.207,4145,SOCKS4
45.228.147.209,5678,SOCKS4
120.237.144.57,9091,SOCKS4
65.49.67.1,48324,SOCKS4
119.2.54.25,5678,SOCKS4
67.201.33.10,25283,SOCKS4
83.147.255.71,61234,SOCKS4
81.16.245.179,53281,SOCKS4
190.180.35.150,5678,SOCKS4
62.210.207.206,17587,SOCKS4
142.93.162.127,44910,SOCKS4
114.249.236.77,8000,SOCKS4
81.214.84.189,8111,SOCKS4
177.46.142.254,8111,SOCKS4
197.211.38.94,8080,SOCKS4
204.10.182.34,39593,SOCKS4
202.180.20.11,55443,SOCKS4
185.19.4.22,3128,SOCKS4
98.177.62.10,8111,SOCKS4
159.203.114.105,18931,SOCKS4
109.232.69.165,8111,SOCKS4
143.202.129.170,5678,SOCKS4
72.195.34.58,4145,SOCKS4
98.178.72.21,10919,SOCKS4
223.100.178.167,9091,SOCKS4
14.139.232.11,8111,SOCKS4
206.189.195.54,4930,SOCKS4
45.187.87.115,4145,SOCKS4
185.12.221.170,8111,SOCKS4
78.189.86.22,8111,SOCKS4
23.249.77.14,8111,SOCKS4
72.195.34.60,27391,SOCKS4
187.188.107.172,8111,SOCKS4
110.164.3.7,8888,SOCKS4
158.69.122.75,45542,SOCKS4
91.93.156.18,8111,SOCKS4
192.145.246.147,8111,SOCKS4
118.212.152.82,9091,SOCKS4
59.11.153.88,80,SOCKS4
190.108.93.152,4145,SOCKS4
212.156.247.82,8111,SOCKS4
216.213.125.104,8111,SOCKS4
93.176.245.226,8291,SOCKS4
158.69.122.75,46374,SOCKS4
116.203.203.60,9050,SOCKS4
86.109.33.38,8080,SOCKS4
192.241.249.237,12272,SOCKS4
75.119.150.125,47125,SOCKS4
68.109.86.79,8111,SOCKS4
68.64.254.53,8111,SOCKS4
201.77.108.220,999,SOCKS4
58.152.94.17,8081,SOCKS4
165.227.199.206,54225,SOCKS4
185.101.169.17,6561,SOCKS4
212.98.145.42,9094,SOCKS4
207.138.218.144,8111,SOCKS4
95.165.163.188,36496,SOCKS4
85.214.71.122,8118,SOCKS4
1.186.252.38,8111,SOCKS4
139.59.249.213,46422,SOCKS4
73.156.159.136,8111,SOCKS4
184.181.217.206,4145,SOCKS4
43.255.113.232,8082,SOCKS4
174.96.33.63,8111,SOCKS4
184.178.172.3,4145,SOCKS4
85.99.120.96,8111,SOCKS4
138.201.185.118,30672,SOCKS4
1.20.169.244,4153,SOCKS4
5.226.125.10,10801,SOCKS4
98.170.57.249,4145,SOCKS4
167.172.23.19,46339,SOCKS4
47.243.95.228,10080,SOCKS4
182.101.207.11,8080,SOCKS4
187.115.3.186,5678,SOCKS4
170.246.105.233,4153,SOCKS4
37.221.192.104,7497,SOCKS4
152.70.93.28,34479,SOCKS4
200.170.175.133,8081,SOCKS4
81.4.143.210,8111,SOCKS4
49.156.42.188,5678,SOCKS4
187.188.200.15,8111,SOCKS4
103.15.60.229,8080,SOCKS4
123.182.59.127,8089,SOCKS4
209.166.175.201,3128,SOCKS4
182.75.24.114,8111,SOCKS4
81.69.172.135,80,SOCKS4
103.121.215.34,40927,SOCKS4
117.160.250.133,8081,SOCKS4
187.188.131.169,1080,SOCKS4
117.160.250.131,8080,SOCKS4
190.95.132.194,999,SOCKS4
192.252.215.5,16137,SOCKS4
103.14.72.196,8080,SOCKS4
184.95.0.122,4153,SOCKS4
89.237.34.17,51549,SOCKS4
14.102.64.209,60616,SOCKS4
185.136.150.252,4145,SOCKS4
185.6.10.231,1393,SOCKS4
5.39.93.167,32586,SOCKS4
91.218.102.187,1080,SOCKS4
103.117.192.14,80,SOCKS4
208.102.51.6,58208,SOCKS4
41.188.149.73,80,SOCKS4
93.123.226.23,81,SOCKS4
178.48.68.61,4145,SOCKS4
89.216.101.99,5678,SOCKS4
129.126.106.166,8111,SOCKS4
103.134.177.182,8888,SOCKS4
45.124.12.10,80,SOCKS4
37.236.60.35,80,SOCKS4
184.181.217.213,4145,SOCKS4
196.202.215.143,5678,SOCKS4
110.40.138.124,8080,SOCKS4
104.203.163.90,8111,SOCKS4
201.184.239.74,5678,SOCKS4
203.190.44.10,3127,SOCKS4
68.71.254.6,4145,SOCKS4
177.38.10.15,8080,SOCKS4
192.111.130.2,4145,SOCKS4
93.178.201.231,52281,SOCKS4
123.25.116.228,1080,SOCKS4
188.169.84.30,5678,SOCKS4
85.172.60.202,1181,SOCKS4
200.170.203.90,1080,SOCKS4
103.49.202.252,80,SOCKS4
103.65.238.225,8181,SOCKS4
47.254.93.122,10705,SOCKS4
170.244.0.179,4145,SOCKS4
64.53.98.252,8111,SOCKS4
182.158.197.217,14,SOCKS4
185.219.134.141,2019,SOCKS4
44.192.6.85,80,SOCKS4
107.182.203.86,8111,SOCKS4
38.41.53.144,5678,SOCKS4
5.189.146.59,17909,SOCKS4
117.160.250.132,81,SOCKS4
176.124.206.140,1080,SOCKS4
117.160.250.130,80,SOCKS4
103.127.1.130,80,SOCKS4
112.120.41.171,80,SOCKS4
113.161.145.229,4153,SOCKS4
67.86.196.182,8111,SOCKS4
118.136.85.203,5678,SOCKS4
202.131.106.193,8111,SOCKS4
45.91.92.45,12198,SOCKS4
91.200.100.41,7497,SOCKS4
103.88.221.194,46450,SOCKS4
174.54.67.218,8111,SOCKS4
182.70.248.92,8111,SOCKS4
190.14.229.242,5678,SOCKS4
216.146.241.180,8111,SOCKS4
88.218.104.60,56384,SOCKS4
207.135.227.178,8111,SOCKS4
73.85.200.240,8111,SOCKS4
165.22.200.173,80,SOCKS4
181.143.208.158,5678,SOCKS4
152.200.142.27,999,SOCKS4
201.18.144.234,5678,SOCKS4
184.178.172.23,4145,SOCKS4
162.252.45.205,8111,SOCKS4
95.9.226.253,8111,SOCKS4
103.76.15.202,5678,SOCKS4
200.181.51.41,5678,SOCKS4
187.19.127.246,8011,SOCKS4
216.241.201.146,8111,SOCKS4
103.107.63.104,8111,SOCKS4
103.156.14.180,2021,SOCKS4
87.197.136.58,4153,SOCKS4
104.218.198.30,33499,SOCKS4
103.123.250.179,38362,SOCKS4
37.228.65.107,51032,SOCKS4
103.239.52.97,4153,SOCKS4
72.219.144.152,8111,SOCKS4
139.99.201.117,27606,SOCKS4
190.109.72.225,33633,SOCKS4
207.138.192.222,8111,SOCKS4
49.206.20.235,8111,SOCKS4
202.200.170.238,80,SOCKS4
192.252.211.197,14921,SOCKS4
103.146.182.54,4145,SOCKS4
197.232.21.22,36267,SOCKS4
176.236.81.190,8111,SOCKS4
138.68.109.12,62662,SOCKS4
117.200.76.43,8111,SOCKS4
216.169.75.213,8111,SOCKS4
180.211.118.142,8111,SOCKS4
78.187.40.127,8111,SOCKS4
98.181.137.80,4145,SOCKS4
76.72.82.242,8111,SOCKS4
117.160.250.132,8081,SOCKS4
89.17.125.92,5678,SOCKS4
182.71.103.226,8111,SOCKS4
98.171.113.132,8111,SOCKS4
37.53.90.82,8010,SOCKS4
174.111.14.143,8111,SOCKS4
170.246.176.4,4153,SOCKS4
202.21.116.210,4153,SOCKS4
190.186.216.196,5678,SOCKS4
187.188.85.131,8111,SOCKS4
200.109.65.110,4153,SOCKS4
96.36.50.99,39593,SOCKS4
172.98.222.102,8111,SOCKS4
184.178.172.18,15280,SOCKS4
1.170.183.86,8088,SOCKS4
184.178.172.28,15294,SOCKS4
168.119.183.254,1080,SOCKS4
196.216.73.246,8111,SOCKS4
173.212.250.65,16552,SOCKS4
155.138.197.162,80,SOCKS4
109.226.36.78,1080,SOCKS4
103.138.14.43,8080,SOCKS4
218.28.98.229,9091,SOCKS4
180.191.22.50,4153,SOCKS4
78.186.68.164,8111,SOCKS4
64.18.99.63,8111,SOCKS4
98.162.25.16,4145,SOCKS4
119.252.167.130,5678,SOCKS4
78.189.172.91,8111,SOCKS4
80.76.236.66,3629,SOCKS4
192.241.232.61,31884,SOCKS4
70.163.6.198,8111,SOCKS4
123.182.58.69,8089,SOCKS4
187.189.81.144,4153,SOCKS4
221.220.109.109,8118,SOCKS4
109.238.223.1,51372,SOCKS4
190.180.35.146,5678,SOCKS4
195.225.48.177,55774,SOCKS4
157.245.1.59,27656,SOCKS4
194.67.118.152,7575,SOCKS4
50.63.13.228,23921,SOCKS4
200.174.228.183,4153,SOCKS4
173.242.141.105,8111,SOCKS4
72.221.171.135,4145,SOCKS4
139.59.231.1,50155,SOCKS4
197.246.212.70,3030,SOCKS4
96.87.31.213,8111,SOCKS4
184.181.217.210,4145,SOCKS4
199.38.65.79,8111,SOCKS4
178.218.201.63,1080,SOCKS4
59.23.107.58,8111,SOCKS4
136.56.5.3,8111,SOCKS4
203.76.103.117,4145,SOCKS4
139.59.159.49,25818,SOCKS4
88.247.137.48,8111,SOCKS4
92.205.22.114,38080,SOCKS4
173.248.1.87,8111,SOCKS4
190.221.152.130,56142,SOCKS4
51.38.243.248,61222,SOCKS4
78.186.46.254,8111,SOCKS4
185.89.181.212,5678,SOCKS4
137.118.138.59,8111,SOCKS4
45.70.236.125,999,SOCKS4
69.178.225.224,8111,SOCKS4
78.189.193.98,8111,SOCKS4
73.195.15.234,8111,SOCKS4
117.160.250.131,81,SOCKS4
85.97.207.99,8111,SOCKS4
167.172.23.19,24138,SOCKS4
161.49.158.165,5678,SOCKS4
196.43.106.62,5678,SOCKS4
14.139.188.27,8111,SOCKS4
195.96.81.238,39586,SOCKS4
181.74.81.195,999,SOCKS4
88.247.103.30,4153,SOCKS4
138.117.77.214,999,SOCKS4
167.99.201.165,19629,SOCKS4
78.108.164.70,4153,SOCKS4
206.176.202.40,8111,SOCKS4
103.76.27.34,80,SOCKS4
216.8.200.8,8111,SOCKS4
218.64.255.198,7302,SOCKS4
5.58.33.187,5678,SOCKS4
201.33.248.93,8888,SOCKS4
24.247.106.215,8111,SOCKS4
98.162.25.29,31679,SOCKS4
195.168.10.9,11006,SOCKS4
200.71.109.236,999,SOCKS4
24.249.199.12,4145,SOCKS4
72.222.86.108,8111,SOCKS4
88.247.152.139,8111,SOCKS4
118.97.47.250,55443,SOCKS4
178.32.100.183,19366,SOCKS4
112.6.117.178,8085,SOCKS4
2.139.162.80,4145,SOCKS4
89.22.106.31,33449,SOCKS4
78.188.80.182,8111,SOCKS4
182.71.146.148,5678,SOCKS4
89.107.197.165,3128,SOCKS4
88.247.167.84,8111,SOCKS4
205.215.254.13,8111,SOCKS4
192.252.214.20,15864,SOCKS4
72.221.172.203,4145,SOCKS4
146.56.119.252,80,SOCKS4
102.67.73.210,80,SOCKS4
78.188.172.199,8111,SOCKS4
175.100.18.45,41575,SOCKS4
78.189.147.248,8111,SOCKS4
145.239.252.47,16944,SOCKS4
170.0.87.204,999,SOCKS4
98.162.96.53,10663,SOCKS4
110.42.128.13,8118,SOCKS4
138.197.66.68,18390,SOCKS4
123.231.230.58,31196,SOCKS4
85.185.238.74,8080,SOCKS4
31.145.51.132,8111,SOCKS4
69.178.243.254,8111,SOCKS4
85.29.147.90,5678,SOCKS4
150.129.170.13,44502,SOCKS4
113.161.164.146,8111,SOCKS4
5.189.146.59,55808,SOCKS4
76.77.202.42,8111,SOCKS4
172.105.26.80,24817,SOCKS4
186.251.255.101,31337,SOCKS4
41.65.236.58,1981,SOCKS4
88.247.58.249,8111,SOCKS4
45.167.125.61,9992,SOCKS4
188.235.34.146,1080,SOCKS4
209.94.241.199,8111,SOCKS4
5.44.54.16,8080,SOCKS4
110.139.128.232,4145,SOCKS4
24.210.175.55,8111,SOCKS4
51.195.45.102,13901,SOCKS4
149.20.253.75,12551,SOCKS4
178.128.112.215,64018,SOCKS4
85.209.149.37,8085,SOCKS4
195.120.78.30,5678,SOCKS4
46.0.126.10,41890,SOCKS4
24.51.37.109,8111,SOCKS4
96.23.82.21,8111,SOCKS4
73.189.32.112,8111,SOCKS4
94.20.157.202,3128,SOCKS4
181.113.135.254,50083,SOCKS4
85.105.20.175,8111,SOCKS4
37.187.133.177,55439,SOCKS4
158.69.212.254,80,SOCKS4
121.180.189.71,8111,SOCKS4
202.137.24.18,7890,SOCKS4
187.177.30.154,4145,SOCKS4
78.188.223.37,8111,SOCKS4
113.108.247.146,20086,SOCKS4
94.23.4.127,8444,SOCKS4
200.29.8.18,5678,SOCKS4
167.172.23.19,24517,SOCKS4
72.210.208.101,4145,SOCKS4
190.214.50.130,8111,SOCKS4
188.165.201.211,12134,SOCKS4
70.175.33.179,8111,SOCKS4
190.61.4.74,35721,SOCKS4
2.32.137.246,8111,SOCKS4
117.160.250.137,8081,SOCKS4
180.210.222.153,1080,SOCKS4
139.255.153.146,8111,SOCKS4
210.48.147.13,80,SOCKS4
187.94.16.59,56187,SOCKS4
221.132.18.26,8090,SOCKS4
182.140.239.6,8008,SOCKS4
95.216.137.15,31337,SOCKS4
172.101.243.121,8111,SOCKS4
45.234.60.252,999,SOCKS4
103.161.122.151,30156,SOCKS4
117.160.250.163,82,SOCKS4
178.128.163.157,17560,SOCKS4
72.200.246.179,8111,SOCKS4
103.86.1.255,4145,SOCKS4
111.225.152.186,8089,SOCKS4
76.198.189.75,8111,SOCKS4
98.162.25.4,31654,SOCKS4
185.6.10.41,28150,SOCKS4
45.65.65.18,4145,SOCKS4
103.112.12.186,8111,SOCKS4
68.71.247.130,4145,SOCKS4
200.170.196.94,1080,SOCKS4
203.150.132.42,14153,SOCKS4
82.189.223.114,80,SOCKS4
32.217.197.46,8111,SOCKS4
117.20.56.203,4145,SOCKS4
78.186.23.18,8111,SOCKS4
72.210.252.134,46164,SOCKS4
185.221.237.8,1080,SOCKS4
41.89.162.100,4673,SOCKS4
89.38.11.16,60355,SOCKS4
208.99.108.22,8111,SOCKS4
176.236.189.22,8111,SOCKS4
113.160.198.78,8111,SOCKS4
129.126.197.33,8111,SOCKS4
202.159.6.242,5678,SOCKS4
23.249.78.2,8111,SOCKS4
98.162.96.52,4145,SOCKS4
192.252.216.81,4145,SOCKS4
5.58.66.55,14888,SOCKS4
182.53.96.56,4145,SOCKS4
73.187.32.69,8111,SOCKS4
70.166.167.38,57728,SOCKS4
78.189.75.208,8111,SOCKS4
161.97.247.68,8111,SOCKS4
180.94.73.98,8111,SOCKS4
111.225.153.249,8089,SOCKS4
183.223.234.42,7300,SOCKS4
6.84.233.91,443,SOCKS4
38.125.89.113,10482,SOCKS4
45.234.67.62,5678,SOCKS4
64.33.234.92,8111,SOCKS4
192.111.129.145,16894,SOCKS4
220.196.56.47,1080,SOCKS4
120.28.139.232,8080,SOCKS4
184.178.172.14,4145,SOCKS4
23.224.33.106,20353,SOCKS4
188.226.7.249,5678,SOCKS4
37.189.253.198,4153,SOCKS4
121.22.53.166,9091,SOCKS4
125.165.125.119,8080,SOCKS4
187.189.99.82,8111,SOCKS4
190.97.255.34,999,SOCKS4
222.165.234.242,41541,SOCKS4
66.11.96.131,8111,SOCKS4
193.70.73.39,34998,SOCKS4
5.1.104.67,33041,SOCKS4
41.57.20.140,1080,SOCKS4
168.91.99.223,19829,SOCKS4
174.77.111.198,49547,SOCKS4
158.69.197.165,55805,SOCKS4
194.67.118.152,2908,SOCKS4
192.252.208.67,14287,SOCKS4
45.7.177.209,39867,SOCKS4
183.233.169.226,9091,SOCKS4
67.219.113.2,8111,SOCKS4
137.118.143.209,8111,SOCKS4
173.195.27.153,10091,SOCKS4
103.156.239.34,1088,SOCKS4
1.255.134.136,3128,SOCKS4
109.228.253.169,8111,SOCKS4
88.250.162.188,8111,SOCKS4
2.32.137.247,8111,SOCKS4
91.92.209.170,8080,SOCKS4
38.125.94.192,32755,SOCKS4
104.218.198.70,53419,SOCKS4
66.38.92.51,8111,SOCKS4
161.49.91.13,1337,SOCKS4
170.254.206.39,8111,SOCKS4
98.162.25.23,4145,SOCKS4
38.127.179.103,13384,SOCKS4
74.207.152.212,8111,SOCKS4
190.107.237.22,999,SOCKS4
112.133.215.5,8111,SOCKS4
213.151.79.84,8080,SOCKS4
218.200.193.144,9091,SOCKS4
208.99.106.66,8111,SOCKS4
251.245.235.92,3128,SOCKS4
81.214.130.222,8111,SOCKS4
109.228.255.194,8111,SOCKS4
213.14.72.135,1080,SOCKS4
209.141.35.182,32608,SOCKS4
135.181.140.218,59819,SOCKS4
186.251.255.49,31337,SOCKS4
47.95.254.71,80,SOCKS4
188.133.153.161,1256,SOCKS4
70.171.206.123,8111,SOCKS4
186.215.87.194,8895,SOCKS4
67.209.219.245,8111,SOCKS4
211.138.6.37,9091,SOCKS4
24.249.199.4,4145,SOCKS4
201.234.24.89,4153,SOCKS4
185.171.54.34,4153,SOCKS4
51.104.203.226,34700,SOCKS4
192.151.166.130,8111,SOCKS4
118.107.44.181,8000,SOCKS4
188.95.20.139,5678,SOCKS4
4.233.217.137,8888,SOCKS4
216.201.52.161,8111,SOCKS4
202.138.239.8,62102,SOCKS4
181.233.94.19,5678,SOCKS4
117.160.250.130,8080,SOCKS4
31.43.33.56,4153,SOCKS4
103.140.35.50,5678,SOCKS4
1.230.84.46,8111,SOCKS4
174.77.111.196,4145,SOCKS4
109.228.255.156,8111,SOCKS4
64.30.95.44,8111,SOCKS4
112.54.41.177,9091,SOCKS4
183.88.213.130,8111,SOCKS4
43.228.95.122,82,SOCKS4
73.90.90.168,8111,SOCKS4
121.101.132.6,8080,SOCKS4
78.24.221.210,3389,SOCKS4
176.123.56.58,3629,SOCKS4
190.104.250.34,8111,SOCKS4
37.131.164.103,59341,SOCKS4
198.59.191.234,8080,SOCKS4
138.219.201.242,5678,SOCKS4
104.219.185.195,8111,SOCKS4
198.8.94.170,4145,SOCKS4
218.185.234.194,8080,SOCKS4
123.182.58.208,8089,SOCKS4
51.104.203.226,35600,SOCKS4
182.74.127.42,8111,SOCKS4
78.187.97.187,8111,SOCKS4
190.61.96.169,999,SOCKS4
159.89.228.253,38172,SOCKS4
46.35.126.49,8111,SOCKS4
85.100.42.191,8111,SOCKS4
168.149.205.2,8111,SOCKS4
157.245.1.59,42385,SOCKS4
85.25.91.141,32794,SOCKS4
198.8.94.174,39078,SOCKS4
146.59.178.163,63977,SOCKS4
118.136.85.170,8080,SOCKS4
43.135.154.94,21127,SOCKS4
216.255.62.119,8111,SOCKS4
161.82.183.156,80,SOCKS4
178.168.208.4,5678,SOCKS4
103.209.207.92,5678,SOCKS4
74.214.250.81,8111,SOCKS4
200.58.181.218,4153,SOCKS4
103.74.198.34,8111,SOCKS4
103.250.153.3,8111,SOCKS4
103.233.152.181,1080,SOCKS4
78.188.44.254,8111,SOCKS4
109.73.176.20,4145,SOCKS4
46.209.204.147,8080,SOCKS4
213.226.234.49,8111,SOCKS4
78.189.54.52,8111,SOCKS4
183.82.96.143,8111,SOCKS4
187.95.136.74,5678,SOCKS4
117.102.101.52,5678,SOCKS4
51.104.203.226,37500,SOCKS4
115.164.146.18,13629,SOCKS4
196.15.237.243,1888,SOCKS4
157.245.1.59,44131,SOCKS4
76.77.196.193,8111,SOCKS4
103.131.18.196,80,SOCKS4
180.92.212.200,5678,SOCKS4
157.245.1.59,12313,SOCKS4
14.99.128.254,8111,SOCKS4
59.124.112.160,8111,SOCKS4
208.113.152.86,36972,SOCKS4
81.214.62.78,8111,SOCKS4
186.232.131.235,4153,SOCKS4
177.101.228.50,4153,SOCKS4
103.139.246.166,5678,SOCKS4
216.197.71.197,8111,SOCKS4
165.227.199.206,36641,SOCKS4
111.68.127.58,4153,SOCKS4
60.215.109.34,7302,SOCKS4
98.161.29.47,8111,SOCKS4
92.241.92.218,14888,SOCKS4
138.197.66.68,50481,SOCKS4
51.89.19.39,52990,SOCKS4
130.193.123.34,5678,SOCKS4
113.160.164.181,1080,SOCKS4
183.81.157.65,5678,SOCKS4
88.248.102.159,8111,SOCKS4
93.105.40.62,51327,SOCKS4
70.40.61.45,8111,SOCKS4
46.101.103.161,35623,SOCKS4
72.212.46.225,8111,SOCKS4
153.125.98.114,443,SOCKS4
24.217.122.61,8111,SOCKS4
216.243.51.23,8111,SOCKS4
192.169.217.153,17228,SOCKS4
51.104.203.226,33100,SOCKS4
103.90.231.93,14864,SOCKS4
101.6.33.170,10080,SOCKS4
103.25.44.113,4153,SOCKS4
179.27.86.36,4153,SOCKS4
66.44.160.157,8111,SOCKS4
202.53.174.21,1080,SOCKS4
72.195.34.35,27360,SOCKS4
159.223.163.18,47926,SOCKS4
138.201.140.125,15976,SOCKS4
103.59.203.161,4145,SOCKS4
157.90.205.166,8080,SOCKS4
152.228.214.231,11372,SOCKS4
218.64.122.99,7302,SOCKS4
36.92.106.13,5678,SOCKS4
103.160.192.14,80,SOCKS4
68.225.233.145,8111,SOCKS4
173.248.19.189,8111,SOCKS4
216.119.20.212,8111,SOCKS4
38.125.97.221,26127,SOCKS4
185.78.9.18,8111,SOCKS4
69.61.200.104,36181,SOCKS4
81.214.121.212,8111,SOCKS4
103.88.126.170,5678,SOCKS4
103.78.170.45,8111,SOCKS4
154.113.145.193,5678,SOCKS4
207.5.224.133,8111,SOCKS4
216.9.180.213,8111,SOCKS4
212.50.99.125,8111,SOCKS4
92.42.8.21,4145,SOCKS4
142.93.162.127,44665,SOCKS4
89.163.144.155,54416,SOCKS4
194.67.118.152,5515,SOCKS4
73.244.228.56,8111,SOCKS4
200.141.204.90,4153,SOCKS4
110.44.126.249,5678,SOCKS4
189.124.138.137,5678,SOCKS4
202.52.234.236,35931,SOCKS4
102.128.131.72,1080,SOCKS4
50.237.206.138,64312,SOCKS4
92.247.147.210,8080,SOCKS4
38.109.3.224,8111,SOCKS4
212.156.127.214,8111,SOCKS4
36.94.8.19,4153,SOCKS4
47.93.29.134,10705,SOCKS4
95.31.5.29,51528,SOCKS4
91.150.77.58,56921,SOCKS4
137.118.223.72,8111,SOCKS4
162.245.178.122,8111,SOCKS4
51.104.203.226,37400,SOCKS4
209.150.250.205,8111,SOCKS4
1.7.162.115,8111,SOCKS4
195.201.151.225,38851,SOCKS4
181.113.0.38,5678,SOCKS4
139.215.214.132,3128,SOCKS4
76.113.205.97,8111,SOCKS4
156.146.121.67,8111,SOCKS4
103.90.159.34,8111,SOCKS4
45.167.125.97,9992,SOCKS4
103.111.120.138,80,SOCKS4
14.139.216.43,8111,SOCKS4
190.109.72.243,33633,SOCKS4
78.187.215.248,8111,SOCKS4
143.55.62.210,8111,SOCKS4
103.21.161.177,8111,SOCKS4
54.38.242.224,31143,SOCKS4
103.82.227.22,3128,SOCKS4
185.183.51.254,8080,SOCKS4
36.89.245.65,8080,SOCKS4
66.168.51.252,8111,SOCKS4
186.235.184.9,4153,SOCKS4
107.180.88.37,38811,SOCKS4
85.105.180.72,8111,SOCKS4
194.71.23.86,45664,SOCKS4
205.215.254.31,8111,SOCKS4
142.93.162.127,31230,SOCKS4
72.221.232.152,4145,SOCKS4
166.78.179.49,80,SOCKS4
184.178.172.13,15311,SOCKS4
167.99.12.224,57036,SOCKS4
186.97.172.178,5678,SOCKS4
182.16.185.12,8080,SOCKS4
213.149.103.133,30861,SOCKS4
103.233.152.179,1080,SOCKS4
185.139.155.134,19895,SOCKS4
103.220.5.254,4145,SOCKS4
23.249.67.246,8111,SOCKS4
138.68.92.236,8444,SOCKS4
139.159.243.135,80,SOCKS4
103.214.156.24,5678,SOCKS4
38.41.60.142,8111,SOCKS4
201.76.172.78,8111,SOCKS4
195.74.72.111,5678,SOCKS4
216.82.203.176,8111,SOCKS4
175.111.130.15,8111,SOCKS4
49.205.176.86,8111,SOCKS4
165.227.4.81,7497,SOCKS4
213.150.221.198,4153,SOCKS4
85.237.229.101,8111,SOCKS4
89.28.48.254,5678,SOCKS4
185.161.186.82,54321,SOCKS4
37.18.73.94,5566,SOCKS4
103.166.10.11,8181,SOCKS4
178.128.112.215,49671,SOCKS4
182.70.120.144,8111,SOCKS4
138.68.17.164,52399,SOCKS4
72.206.181.123,4145,SOCKS4
113.161.174.60,8111,SOCKS4
177.93.76.26,4153,SOCKS4
205.215.254.15,8111,SOCKS4
103.172.70.28,9191,SOCKS4
143.202.78.177,999,SOCKS4
142.93.162.127,1278,SOCKS4
81.169.137.121,11813,SOCKS4
202.43.191.14,5430,SOCKS4
202.21.115.94,44574,SOCKS4
123.182.59.14,8089,SOCKS4
176.236.163.37,59311,SOCKS4
75.119.150.125,14376,SOCKS4
50.30.114.38,8111,SOCKS4
79.135.41.0,8111,SOCKS4
202.40.186.157,4145,SOCKS4
103.115.255.145,36331,SOCKS4
168.91.99.134,19829,SOCKS4
184.178.172.25,15291,SOCKS4
88.250.242.126,8111,SOCKS4
37.53.85.116,5678,SOCKS4
109.232.70.118,8111,SOCKS4
91.93.143.14,4153,SOCKS4
156.67.115.5,4145,SOCKS4
68.57.107.211,8111,SOCKS4
188.166.15.142,26070,SOCKS4
104.37.135.145,4145,SOCKS4
173.243.182.166,8111,SOCKS4
202.72.209.3,44550,SOCKS4
139.159.118.14,5678,SOCKS4
47.242.151.165,50001,SOCKS4
173.212.250.65,9634,SOCKS4
73.245.248.4,8111,SOCKS4
107.178.2.158,8111,SOCKS4
103.156.14.50,5678,SOCKS4
207.230.114.31,15962,SOCKS4
207.236.12.215,10089,SOCKS4
114.225.253.91,2829,SOCKS4
182.70.121.238,8111,SOCKS4
178.238.25.174,1337,SOCKS4
185.73.203.66,3128,SOCKS4
167.114.96.27,9300,SOCKS4
186.219.96.47,49923,SOCKS4
179.107.54.43,4153,SOCKS4
54.36.239.180,5000,SOCKS4
186.10.127.170,4153,SOCKS4
47.96.102.110,1080,SOCKS4
1.212.157.114,4145,SOCKS4
149.20.253.58,12551,SOCKS4
119.15.89.87,5678,SOCKS4
189.16.248.226,5678,SOCKS4
217.12.203.117,11221,SOCKS4
207.182.78.249,8111,SOCKS4
98.175.31.195,4145,SOCKS4
139.59.66.145,48223,SOCKS4
78.189.195.186,8111,SOCKS4
109.70.189.51,3629,SOCKS4
187.102.149.158,8111,SOCKS4
89.22.106.31,32197,SOCKS4
167.99.201.165,51485,SOCKS4
85.99.234.181,8111,SOCKS4
103.157.178.58,8111,SOCKS4
88.247.215.224,8111,SOCKS4
103.81.114.182,4145,SOCKS4
167.172.23.19,57076,SOCKS4
8.42.68.121,39593,SOCKS4
78.188.175.100,8111,SOCKS4
220.135.2.247,59171,SOCKS4
105.235.193.46,5678,SOCKS4
98.162.96.41,4145,SOCKS4
70.166.167.55,57745,SOCKS4
71.229.211.84,8111,SOCKS4
108.174.80.212,8111,SOCKS4
67.204.3.233,13135,SOCKS4
202.8.73.206,5678,SOCKS4
180.180.152.94,4145,SOCKS4
107.190.203.105,8111,SOCKS4
103.124.95.254,32765,SOCKS4
50.73.58.165,8111,SOCKS4
187.188.85.29,8111,SOCKS4
150.107.117.250,8111,SOCKS4
173.212.250.65,46200,SOCKS4
195.123.227.187,14555,SOCKS4
205.177.85.130,39593,SOCKS4
103.114.35.5,3629,SOCKS4
108.174.85.81,8111,SOCKS4
216.14.73.109,8111,SOCKS4
62.122.201.246,50129,SOCKS4
104.203.57.1,8111,SOCKS4
75.97.247.250,8111,SOCKS4
211.174.100.111,4153,SOCKS4
122.116.29.68,4145,SOCKS4
78.157.4.87,4145,SOCKS4
36.66.36.252,4153,SOCKS4
65.18.217.206,8111,SOCKS4
68.106.197.224,8111,SOCKS4
93.175.194.155,3629,SOCKS4
173.212.221.46,29025,SOCKS4
29.130.198.232,8080,SOCKS4
195.219.98.27,5678,SOCKS4
61.216.76.37,8111,SOCKS4
31.31.76.178,5566,SOCKS4
91.205.72.103,45682,SOCKS4
103.38.205.3,5678,SOCKS4
117.160.250.132,80,SOCKS4
154.79.244.38,10801,SOCKS4
152.204.128.46,35483,SOCKS4
98.161.224.91,8111,SOCKS4
203.142.68.210,5678,SOCKS4
203.150.128.254,8080,SOCKS4
178.212.48.84,1080,SOCKS4
72.197.34.228,8111,SOCKS4
103.86.1.25,4145,SOCKS4
97.74.230.87,31365,SOCKS4
95.110.230.142,63078,SOCKS4
200.85.169.18,50577,SOCKS4
115.85.85.162,5678,SOCKS4
68.186.97.242,8111,SOCKS4
146.196.48.2,80,SOCKS4
78.186.165.100,8111,SOCKS4
73.150.87.191,8111,SOCKS4
142.93.162.127,19534,SOCKS4
49.51.69.212,21127,SOCKS4
188.166.15.142,31893,SOCKS4
72.221.164.34,60671,SOCKS4
187.102.150.38,8111,SOCKS4
62.82.107.247,5678,SOCKS4
110.44.126.134,8111,SOCKS4
78.189.20.114,8111,SOCKS4
106.14.255.124,80,SOCKS4
49.128.180.177,8080,SOCKS4
182.48.205.209,8111,SOCKS4
207.182.92.34,8111,SOCKS4
181.118.158.38,4153,SOCKS4
186.0.200.24,4153,SOCKS4
185.188.218.14,4145,SOCKS4
93.171.241.18,1080,SOCKS4
202.90.136.210,8111,SOCKS4
38.125.89.104,32755,SOCKS4
138.94.92.26,7497,SOCKS4
117.160.250.133,8080,SOCKS4
46.147.194.197,1080,SOCKS4
27.72.73.143,4153,SOCKS4
88.248.6.34,8111,SOCKS4
88.247.167.157,8111,SOCKS4
51.222.13.193,10084,SOCKS4
103.240.33.145,8291,SOCKS4
103.251.219.242,8111,SOCKS4
174.75.30.122,8111,SOCKS4
49.156.38.126,5678,SOCKS4
3.69.30.73,10248,SOCKS4
38.94.34.84,34355,SOCKS4
45.251.34.116,8111,SOCKS4
27.147.144.122,4153,SOCKS4
72.2.252.87,8111,SOCKS4
43.228.125.91,6329,SOCKS4
45.224.119.16,999,SOCKS4
184.178.172.5,15303,SOCKS4
45.81.144.51,8080,SOCKS4
192.111.139.165,4145,SOCKS4
86.111.144.10,4145,SOCKS4
190.2.153.31,9050,SOCKS4
183.89.67.75,8080,SOCKS4
203.202.253.186,58309,SOCKS4
186.211.6.137,4145,SOCKS4
185.6.9.80,52783,SOCKS4
67.219.114.50,8111,SOCKS4
176.117.175.40,5678,SOCKS4
76.14.178.105,8111,SOCKS4
68.183.94.43,41760,SOCKS4
85.96.179.242,8111,SOCKS4
216.99.19.57,8111,SOCKS4
138.197.66.68,1095,SOCKS4
104.238.117.161,27525,SOCKS4
38.10.210.92,8111,SOCKS4
185.27.44.23,10801,SOCKS4
1.179.148.9,36476,SOCKS4
190.14.32.209,5678,SOCKS4
178.32.108.118,1080,SOCKS4
97.69.162.209,8111,SOCKS4
178.128.113.181,57261,SOCKS4
203.76.112.68,5678,SOCKS4
66.44.188.127,8111,SOCKS4
81.12.157.98,5678,SOCKS4
49.205.176.138,8111,SOCKS4
51.75.195.233,61136,SOCKS4
137.118.188.160,8111,SOCKS4
104.238.117.161,60334,SOCKS4
73.85.64.39,8111,SOCKS4
24.239.85.75,8111,SOCKS4
212.174.56.86,8111,SOCKS4
184.179.11.185,8111,SOCKS4
103.153.140.225,4153,SOCKS4
49.205.176.249,8111,SOCKS4
103.251.94.100,8111,SOCKS4
103.151.30.94,8080,SOCKS4
81.214.125.240,8111,SOCKS4
183.88.219.206,34676,SOCKS4
103.153.140.253,4153,SOCKS4
178.32.107.66,55446,SOCKS4
73.101.167.208,8111,SOCKS4
110.93.13.47,45034,SOCKS4
216.119.22.155,8111,SOCKS4
51.79.248.208,14720,SOCKS4
138.185.140.226,8111,SOCKS4
119.85.9.89,38801,SOCKS4
62.201.233.59,4145,SOCKS4
49.12.77.56,3128,SOCKS4
81.12.169.254,4153,SOCKS4
185.212.127.44,4153,SOCKS4
138.68.81.7,20020,SOCKS4
46.161.196.225,8080,SOCKS4
203.194.51.170,8111,SOCKS4
216.197.76.17,8111,SOCKS4
208.99.111.136,8111,SOCKS4
111.225.152.235,8089,SOCKS4
91.187.121.211,2080,SOCKS4
197.248.21.81,8111,SOCKS4
192.171.119.166,53149,SOCKS4
118.173.230.19,1080,SOCKS4
73.255.34.190,8111,SOCKS4
200.199.195.138,4145,SOCKS4
162.250.213.29,8111,SOCKS4
103.5.127.132,5678,SOCKS4
103.112.44.100,5678,SOCKS4
202.151.163.10,1080,SOCKS4
137.118.142.78,8111,SOCKS4
192.111.137.35,4145,SOCKS4
27.115.33.94,4153,SOCKS4
107.139.143.78,8111,SOCKS4
41.160.6.186,59881,SOCKS4
213.222.34.200,4145,SOCKS4
222.124.130.197,4145,SOCKS4
103.102.141.39,4145,SOCKS4
113.161.210.60,4153,SOCKS4
103.94.133.94,4153,SOCKS4
38.125.94.62,36888,SOCKS4
103.224.145.33,5678,SOCKS4
194.14.85.193,49153,SOCKS4
24.170.197.162,8111,SOCKS4
1.22.160.18,8111,SOCKS4
135.125.244.133,21056,SOCKS4
173.212.245.45,18403,SOCKS4
96.23.222.159,8111,SOCKS4
5.39.84.56,27428,SOCKS4
190.131.198.77,7497,SOCKS4
79.132.221.180,5678,SOCKS4
200.149.244.202,4145,SOCKS4
192.252.209.155,14455,SOCKS4
138.197.66.68,40568,SOCKS4
103.47.93.218,1080,SOCKS4
121.4.103.23,32001,SOCKS4
66.225.97.64,8111,SOCKS4
190.92.72.242,5678,SOCKS4
67.43.110.180,8111,SOCKS4
139.59.17.80,28614,SOCKS4
92.60.190.22,59816,SOCKS4
212.154.101.53,8111,SOCKS4
62.171.166.158,62684,SOCKS4
206.189.200.62,13110,SOCKS4
82.142.147.174,4145,SOCKS4
73.253.23.24,8111,SOCKS4
187.86.153.254,30660,SOCKS4
176.236.15.206,8111,SOCKS4
114.4.200.222,5678,SOCKS4
197.248.135.115,8111,SOCKS4
227.205.216.140,8080,SOCKS4
192.81.113.216,8111,SOCKS4
96.57.242.202,8111,SOCKS4
80.82.147.4,4153,SOCKS4
170.187.186.100,52768,SOCKS4
47.113.179.6,10705,SOCKS4
103.78.97.38,8080,SOCKS4
68.183.55.211,37775,SOCKS4
80.244.230.86,8080,SOCKS4
187.103.0.27,5678,SOCKS4
8.41.25.26,8111,SOCKS4
104.203.173.59,8111,SOCKS4
107.173.149.76,47498,SOCKS4
117.54.114.98,80,SOCKS4
109.228.229.120,8111,SOCKS4
164.132.67.217,32553,SOCKS4
176.193.7.193,5678,SOCKS4
190.181.140.90,5678,SOCKS4
92.246.112.189,8111,SOCKS4
235.47.188.195,8080,SOCKS4
122.52.187.137,5678,SOCKS4
191.7.208.100,31576,SOCKS4
191.97.15.194,999,SOCKS4
72.195.34.42,4145,SOCKS4
72.195.34.59,4145,SOCKS4
197.248.32.185,8111,SOCKS4
212.154.74.95,8111,SOCKS4
173.212.250.65,53851,SOCKS4
80.235.239.130,1080,SOCKS4
85.104.122.197,8111,SOCKS4
36.95.56.58,5678,SOCKS4
192.252.208.70,14282,SOCKS4
73.70.217.48,8111,SOCKS4
24.246.196.104,8111,SOCKS4
114.43.104.241,80,SOCKS4
109.228.251.210,8111,SOCKS4
91.109.232.85,8111,SOCKS4
115.73.220.114,5678,SOCKS4
81.4.109.162,50111,SOCKS4
187.216.144.170,5678,SOCKS4
92.84.56.10,50782,SOCKS4
112.221.46.117,4153,SOCKS4
216.8.241.249,8111,SOCKS4
186.215.199.245,20183,SOCKS4
208.126.199.133,8111,SOCKS4
216.8.216.135,8111,SOCKS4
192.111.138.29,4145,SOCKS4
95.31.42.199,3629,SOCKS4
36.95.91.195,8080,SOCKS4
103.47.93.217,1080,SOCKS4
51.79.248.208,28753,SOCKS4
197.211.24.206,5678,SOCKS4
187.115.160.253,3629,SOCKS4
159.89.165.90,52418,SOCKS4
168.90.17.208,8080,SOCKS4
185.171.54.30,4153,SOCKS4
103.105.40.9,4145,SOCKS4
98.166.221.54,8111,SOCKS4
207.177.103.219,8111,SOCKS4
103.116.202.241,5678,SOCKS4
103.77.60.14,80,SOCKS4
216.255.62.110,8111,SOCKS4
203.210.235.91,5678,SOCKS4
167.172.23.19,64065,SOCKS4
14.139.54.243,8111,SOCKS4
103.152.89.219,4153,SOCKS4
1.20.95.95,5678,SOCKS4
2.47.133.167,8111,SOCKS4
41.174.132.82,5678,SOCKS4
74.83.46.185,8111,SOCKS4
104.218.222.243,8111,SOCKS4
182.48.203.91,8111,SOCKS4
78.186.163.118,8111,SOCKS4
38.125.97.19,31284,SOCKS4
51.79.248.215,25693,SOCKS4
45.116.114.18,5678,SOCKS4
138.201.140.90,15976,SOCKS4
182.160.124.106,5678,SOCKS4
122.102.43.185,5678,SOCKS4
124.158.182.34,10808,SOCKS4
38.94.34.157,34355,SOCKS4
82.207.20.247,5678,SOCKS4
178.128.163.157,60773,SOCKS4
41.57.23.41,1080,SOCKS4
24.192.199.173,8111,SOCKS4
95.9.31.72,8111,SOCKS4
75.127.146.188,8111,SOCKS4
103.207.98.82,41238,SOCKS4
187.188.85.31,8111,SOCKS4
208.99.109.232,8111,SOCKS4
85.93.237.29,8111,SOCKS4
89.161.26.139,8111,SOCKS4
68.71.249.153,48606,SOCKS4
88.250.182.202,8111,SOCKS4
176.215.78.185,1080,SOCKS4
85.105.193.196,8111,SOCKS4
103.85.67.169,4145,SOCKS4
94.190.177.210,10801,SOCKS4
85.116.120.106,3629,SOCKS4
37.26.179.230,8111,SOCKS4
202.164.40.185,8111,SOCKS4
161.97.226.164,8111,SOCKS4
103.47.93.254,1080,SOCKS4
103.148.225.6,5678,SOCKS4
185.87.45.58,8111,SOCKS4
49.205.177.231,8111,SOCKS4
200.71.109.226,5678,SOCKS4
110.185.101.177,51800,SOCKS4
207.254.160.22,8111,SOCKS4
103.154.230.58,8080,SOCKS4
185.139.152.128,19895,SOCKS4
73.147.89.158,8111,SOCKS4
50.192.49.5,32100,SOCKS4
45.7.177.196,39867,SOCKS4
104.131.118.147,63620,SOCKS4
46.105.87.167,53281,SOCKS4
49.205.176.87,8111,SOCKS4
115.164.146.10,5678,SOCKS4
117.201.241.130,8111,SOCKS4
74.206.54.111,8111,SOCKS4
157.245.1.59,42545,SOCKS4
119.235.50.58,4153,SOCKS4
167.99.12.224,45241,SOCKS4
138.185.140.61,8111,SOCKS4
85.97.204.198,8111,SOCKS4
49.205.179.212,8111,SOCKS4
41.170.12.92,49142,SOCKS4
103.242.104.243,5678,SOCKS4
160.242.65.161,8111,SOCKS4
45.146.91.46,6212,SOCKS4
119.18.34.100,8111,SOCKS4
104.204.254.9,8111,SOCKS4
157.245.77.149,54032,SOCKS4
23.249.77.9,8111,SOCKS4
46.101.99.250,10431,SOCKS4
208.99.109.150,8111,SOCKS4
5.133.201.132,32313,SOCKS4
92.84.56.10,47054,SOCKS4
117.95.45.53,38801,SOCKS4
212.3.104.126,8080,SOCKS4
24.217.138.123,8111,SOCKS4
103.111.160.41,5678,SOCKS4
103.117.110.10,4153,SOCKS4
104.171.67.129,8111,SOCKS4
77.46.138.153,33608,SOCKS4
195.3.245.193,3128,SOCKS4
205.215.254.30,8111,SOCKS4
207.230.114.13,63552,SOCKS4
201.184.65.75,8111,SOCKS4
205.215.254.16,8111,SOCKS4
137.118.138.102,8111,SOCKS4
200.46.30.210,4153,SOCKS4
96.43.245.3,8111,SOCKS4
187.102.79.33,4145,SOCKS4
174.72.94.103,8111,SOCKS4
109.122.80.234,57553,SOCKS4
88.247.205.196,8111,SOCKS4
72.48.168.91,8111,SOCKS4
78.38.93.152,3128,SOCKS4
45.132.75.19,17880,SOCKS4
185.51.113.222,8111,SOCKS4
189.201.191.20,4145,SOCKS4
154.64.217.128,36468,SOCKS4
85.99.117.69,8111,SOCKS4
103.76.201.118,8291,SOCKS4
103.59.203.197,4145,SOCKS4
104.255.76.252,8111,SOCKS4
85.105.124.185,8111,SOCKS4
49.156.33.154,5678,SOCKS4
170.239.49.187,8111,SOCKS4
45.234.100.112,1080,SOCKS4
77.88.66.251,8000,SOCKS4
69.146.184.83,8111,SOCKS4
201.48.125.221,4153,SOCKS4
93.180.133.8,52138,SOCKS4
176.57.189.116,10898,SOCKS4
207.171.248.104,8111,SOCKS4
23.95.247.74,25351,SOCKS4
170.81.35.26,33566,SOCKS4
173.212.250.65,38411,SOCKS4
154.72.183.230,5678,SOCKS4
173.248.20.249,8111,SOCKS4
82.103.118.42,1099,SOCKS4
51.91.144.39,59191,SOCKS4
146.59.243.1,10901,SOCKS4
181.143.69.227,5678,SOCKS4
183.89.40.185,1080,SOCKS4
103.173.204.1,8111,SOCKS4
95.71.125.50,60867,SOCKS4
188.134.1.49,3629,SOCKS4
47.93.223.27,10705,SOCKS4
66.96.206.90,8111,SOCKS4
14.140.232.19,8111,SOCKS4
66.208.78.162,8111,SOCKS4
49.205.176.9,8111,SOCKS4
142.147.120.154,8111,SOCKS4
103.145.162.178,4153,SOCKS4
121.101.186.229,43296,SOCKS4
211.140.252.244,7300,SOCKS4
190.89.90.59,4153,SOCKS4
207.133.59.233,8081,SOCKS4
74.69.8.132,8111,SOCKS4
78.31.88.56,1080,SOCKS4
164.68.114.84,38920,SOCKS4
190.119.167.11,5678,SOCKS4
45.190.13.58,1080,SOCKS4
187.188.135.34,8111,SOCKS4
192.241.249.237,53884,SOCKS4
177.38.13.45,4153,SOCKS4
118.70.131.249,1080,SOCKS4
68.225.63.40,8111,SOCKS4
66.97.235.83,8111,SOCKS4
78.188.179.200,8111,SOCKS4
139.255.86.226,5678,SOCKS4
190.145.58.106,5678,SOCKS4
139.99.201.117,21049,SOCKS4
59.152.233.78,8111,SOCKS4
202.137.141.26,5678,SOCKS4
201.220.85.22,5678,SOCKS4
73.117.19.160,8111,SOCKS4
37.114.202.125,3128,SOCKS4
201.184.224.250,8111,SOCKS4
138.68.109.12,39070,SOCKS4
108.174.81.40,8111,SOCKS4
190.109.72.224,33633,SOCKS4
216.229.122.70,8111,SOCKS4
143.198.76.79,16523,SOCKS4
43.228.125.91,57337,SOCKS4
212.174.62.240,8111,SOCKS4
43.228.125.91,8077,SOCKS4
162.218.7.85,8111,SOCKS4
86.110.189.154,4145,SOCKS4
223.29.195.220,8111,SOCKS4
72.219.160.214,8111,SOCKS4
213.74.178.66,8111,SOCKS4
70.163.162.106,8111,SOCKS4
72.210.252.137,4145,SOCKS4
103.36.35.249,5678,SOCKS4
47.242.146.5,22722,SOCKS4
103.221.254.102,54409,SOCKS4
182.75.9.226,8111,SOCKS4
216.250.39.24,8111,SOCKS4
190.103.240.4,4153,SOCKS4
96.41.178.209,8111,SOCKS4
170.80.30.207,4153,SOCKS4
178.212.65.61,3629,SOCKS4
138.68.109.12,18881,SOCKS4
183.82.111.17,8111,SOCKS4
187.188.112.13,8111,SOCKS4
36.95.53.185,5678,SOCKS4
103.76.24.29,5678,SOCKS4
24.107.252.122,8111,SOCKS4
70.171.221.231,8111,SOCKS4
115.42.64.40,5678,SOCKS4
197.210.217.66,60896,SOCKS4
1.4.158.116,8111,SOCKS4
206.74.43.66,8111,SOCKS4
103.82.11.209,4153,SOCKS4
190.119.167.154,5678,SOCKS4
36.67.186.76,61221,SOCKS4
177.223.57.248,48733,SOCKS4
36.92.177.9,1081,SOCKS4
148.66.39.33,8111,SOCKS4
182.71.87.19,8111,SOCKS4
103.212.93.209,45639,SOCKS4
66.44.187.135,8111,SOCKS4
192.111.135.17,18302,SOCKS4
108.167.75.167,8111,SOCKS4
110.78.164.188,4153,SOCKS4
37.75.112.35,4153,SOCKS4
159.192.97.129,5678,SOCKS4
172.64.145.67,80,SOCKS4
174.77.111.197,4145,SOCKS4
187.72.4.42,8111,SOCKS4
202.137.141.212,5678,SOCKS4
84.2.233.239,4153,SOCKS4
70.181.115.94,8111,SOCKS4
212.156.36.154,8111,SOCKS4
88.248.136.141,8111,SOCKS4
104.255.74.160,8111,SOCKS4
183.82.33.45,8111,SOCKS4
31.206.55.226,8111,SOCKS4
115.85.93.178,5678,SOCKS4
5.58.47.25,3629,SOCKS4
103.76.190.37,31756,SOCKS4
85.113.140.121,3629,SOCKS4
173.249.33.122,30336,SOCKS4
205.215.254.41,8111,SOCKS4
78.187.125.187,8111,SOCKS4
103.212.95.253,41363,SOCKS4
135.181.140.218,29809,SOCKS4
192.74.246.152,1080,SOCKS4
66.113.15.199,8111,SOCKS4
114.7.97.193,4145,SOCKS4
70.183.27.34,8111,SOCKS4
96.32.249.34,8111,SOCKS4
121.182.191.216,8111,SOCKS4
99.7.225.130,8111,SOCKS4
193.239.100.19,4153,SOCKS4
109.228.254.92,8111,SOCKS4
73.115.149.127,8111,SOCKS4
201.144.20.231,5678,SOCKS4
88.249.104.6,8111,SOCKS4
103.251.141.162,8111,SOCKS4
167.172.23.19,31901,SOCKS4
14.157.101.175,38801,SOCKS4
72.46.209.47,8111,SOCKS4
72.220.185.240,8111,SOCKS4
69.112.200.159,8111,SOCKS4
159.223.173.185,58154,SOCKS4
209.20.136.60,8111,SOCKS4
14.143.73.102,8111,SOCKS4
1.22.44.234,8111,SOCKS4
251.23.146.24,3128,SOCKS4
76.10.114.106,8111,SOCKS4
118.174.47.182,4145,SOCKS4
72.221.171.130,4145,SOCKS4
8.39.228.25,39593,SOCKS4
171.244.10.204,21709,SOCKS4
51.254.211.171,7497,SOCKS4
183.82.99.84,8111,SOCKS4
178.62.144.84,7497,SOCKS4
190.60.175.17,8111,SOCKS4
178.62.227.85,49650,SOCKS4
182.75.220.186,40637,SOCKS4
79.143.225.152,31270,SOCKS4
88.225.227.83,8111,SOCKS4
78.187.141.129,8111,SOCKS4
168.149.220.22,8111,SOCKS4
51.38.32.239,59396,SOCKS4
137.118.136.251,8111,SOCKS4
36.37.104.98,34040,SOCKS4
81.16.1.71,5678,SOCKS4
200.34.215.1,4153,SOCKS4
201.20.79.182,5678,SOCKS4
69.71.34.101,8111,SOCKS4
178.164.72.6,8111,SOCKS4
185.184.197.108,5678,SOCKS4
88.249.199.35,8111,SOCKS4
112.133.240.9,8111,SOCKS4
120.50.13.41,40308,SOCKS4
180.94.88.242,8111,SOCKS4
173.212.245.45,29372,SOCKS4
186.235.187.14,4153,SOCKS4
109.228.254.90,8111,SOCKS4
212.156.149.98,8111,SOCKS4
216.8.203.91,8111,SOCKS4
137.184.14.31,60398,SOCKS4
41.77.23.120,5678,SOCKS4
187.190.56.187,8111,SOCKS4
210.48.147.36,80,SOCKS4
216.197.76.10,8111,SOCKS4
103.115.255.86,36331,SOCKS4
138.255.240.66,40736,SOCKS4
121.101.186.33,43296,SOCKS4
130.45.202.165,8111,SOCKS4
68.229.27.212,8111,SOCKS4
78.31.93.76,1080,SOCKS4
187.141.129.86,4153,SOCKS4
187.189.82.233,1088,SOCKS4
198.153.84.58,8111,SOCKS4
142.93.162.127,52009,SOCKS4
104.200.93.129,8111,SOCKS4
118.163.65.47,8111,SOCKS4
3.12.160.135,8888,SOCKS4
212.156.83.158,8111,SOCKS4
103.170.100.25,1080,SOCKS4
187.188.193.132,8111,SOCKS4
91.205.72.103,50960,SOCKS4
212.200.149.242,5678,SOCKS4
103.74.198.17,8111,SOCKS4
104.251.94.117,31246,SOCKS4
73.166.220.47,8111,SOCKS4
202.131.248.107,1080,SOCKS4
66.70.229.184,34565,SOCKS4
167.172.23.19,55763,SOCKS4
88.248.182.59,8111,SOCKS4
41.58.169.214,5678,SOCKS4
202.21.113.86,4153,SOCKS4
177.85.157.25,4153,SOCKS4
14.139.151.210,8111,SOCKS4
24.140.140.8,8111,SOCKS4
185.170.233.105,47574,SOCKS4
38.127.172.229,32725,SOCKS4
182.23.4.130,5678,SOCKS4
169.239.236.27,45003,SOCKS4
103.115.255.141,36331,SOCKS4
209.20.136.30,8111,SOCKS4
168.227.158.65,4145,SOCKS4
104.203.216.215,8111,SOCKS4
98.179.107.56,8111,SOCKS4
182.93.80.3,8291,SOCKS4
119.18.147.81,4153,SOCKS4
103.90.231.93,40797,SOCKS4
5.133.203.47,10052,SOCKS4
129.126.65.78,4153,SOCKS4
45.249.79.190,3629,SOCKS4
125.25.57.76,4145,SOCKS4
176.236.87.102,8111,SOCKS4
132.194.214.137,8080,SOCKS4
95.70.220.173,4153,SOCKS4
72.217.216.239,4145,SOCKS4
78.188.8.238,8111,SOCKS4
209.141.34.75,14544,SOCKS4
5.133.219.4,30561,SOCKS4
66.42.224.229,41679,SOCKS4
103.141.148.62,5678,SOCKS4
177.152.105.118,1080,SOCKS4
50.250.75.153,39593,SOCKS4
177.12.177.53,4153,SOCKS4
178.79.186.61,32514,SOCKS4
190.120.250.161,4145,SOCKS4
181.78.24.30,5678,SOCKS4
101.255.165.126,80,SOCKS4
103.154.230.83,5678,SOCKS4
5.160.151.42,8080,SOCKS4
46.241.57.29,1080,SOCKS4
205.237.147.112,8111,SOCKS4
192.144.105.28,8080,SOCKS4
223.29.199.144,55443,SOCKS4
177.128.78.0,5678,SOCKS4
45.114.39.25,8080,SOCKS4
202.153.233.228,8080,SOCKS4
114.231.41.168,9999,SOCKS4
170.238.112.71,8080,SOCKS4
37.236.59.107,80,SOCKS4
103.156.14.46,5678,SOCKS4
118.97.47.249,55443,SOCKS4
103.65.238.186,8181,SOCKS4
192.99.56.181,51277,SOCKS4
197.255.253.33,5678,SOCKS4
180.183.229.78,4153,SOCKS4
177.74.157.163,5678,SOCKS4
95.169.221.238,5678,SOCKS4
200.69.67.148,999,SOCKS4
178.212.52.198,1080,SOCKS4
37.236.59.83,80,SOCKS4
123.171.42.74,8089,SOCKS4
177.38.15.44,8080,SOCKS4
95.31.35.210,3629,SOCKS4
85.105.134.106,8111,SOCKS4
109.188.86.168,4145,SOCKS4
190.180.35.148,5678,SOCKS4
201.217.49.2,80,SOCKS4
88.249.83.115,8111,SOCKS4
183.82.5.211,8111,SOCKS4
103.47.93.198,1080,SOCKS4
93.180.133.8,51652,SOCKS4
85.105.15.126,8111,SOCKS4
103.157.96.97,3128,SOCKS4
181.198.6.251,999,SOCKS4
103.154.231.100,1080,SOCKS4
79.120.177.106,8080,SOCKS4
103.153.136.187,8080,SOCKS4
173.197.167.242,8080,SOCKS4
31.209.104.231,4145,SOCKS4
192.154.247.28,8000,SOCKS4
95.68.225.138,1080,SOCKS4
213.16.81.182,35559,SOCKS4
167.250.29.57,8111,SOCKS4
89.216.52.217,4153,SOCKS4
43.239.75.145,4145,SOCKS4
137.118.147.111,8111,SOCKS4
37.187.133.177,55652,SOCKS4
103.252.163.191,80,SOCKS4
196.0.111.194,48009,SOCKS4
168.90.205.191,1080,SOCKS4
103.143.197.66,5678,SOCKS4
213.212.247.204,1976,SOCKS4
102.219.33.110,1080,SOCKS4
152.200.175.62,999,SOCKS4
23.249.77.5,8111,SOCKS4
91.108.134.113,8080,SOCKS4
154.239.1.77,1981,SOCKS4
183.166.145.36,38801,SOCKS4
67.215.46.232,8111,SOCKS4
200.10.68.41,999,SOCKS4
37.148.217.234,999,SOCKS4
135.125.2.93,8080,SOCKS4
103.52.144.49,8080,SOCKS4
103.19.58.122,8080,SOCKS4
187.86.4.16,4153,SOCKS4
195.211.45.213,3128,SOCKS4
186.96.25.21,8111,SOCKS4
46.99.188.13,42551,SOCKS4
51.52.205.98,4153,SOCKS4
37.187.133.177,55014,SOCKS4
36.68.108.165,8080,SOCKS4
149.57.11.17,8181,SOCKS4
82.114.143.222,3389,SOCKS4
200.149.32.34,5678,SOCKS4
45.5.118.43,999,SOCKS4
170.254.200.165,3180,SOCKS4
95.140.126.82,1080,SOCKS4
103.209.204.141,5678,SOCKS4
45.173.6.98,999,SOCKS4
191.7.85.206,4145,SOCKS4
152.169.106.145,8080,SOCKS4
137.118.170.54,8111,SOCKS4
118.67.219.153,8080,SOCKS4
104.203.181.75,8111,SOCKS4
103.156.239.34,3334,SOCKS4
190.107.237.20,999,SOCKS4
91.121.48.221,55348,SOCKS4
177.152.174.226,8080,SOCKS4
162.210.30.76,8111,SOCKS4
27.147.143.250,1088,SOCKS4
72.221.196.157,35904,SOCKS4
103.48.68.36,82,SOCKS4
173.246.28.107,8111,SOCKS4
186.0.171.188,8080,SOCKS4
176.236.30.153,5678,SOCKS4
41.65.55.2,1976,SOCKS4
199.188.89.136,9000,SOCKS4
188.120.240.229,8081,SOCKS4
103.162.218.66,8181,SOCKS4
118.37.116.66,3128,SOCKS4
41.190.233.56,5678,SOCKS4
78.186.23.20,8111,SOCKS4
103.138.71.29,3125,SOCKS4
103.242.104.244,5678,SOCKS4
78.90.252.7,4153,SOCKS4
177.93.71.228,5678,SOCKS4
186.166.138.51,999,SOCKS4
185.186.17.57,5678,SOCKS4
45.116.230.79,4673,SOCKS4
185.47.184.253,45463,SOCKS4
38.84.74.3,80,SOCKS4
178.212.55.61,1080,SOCKS4
178.212.49.96,1080,SOCKS4
154.61.227.9,64312,SOCKS4
45.190.170.254,999,SOCKS4
77.238.79.111,5678,SOCKS4
154.79.254.176,10801,SOCKS4
103.115.252.18,80,SOCKS4
200.0.247.242,5678,SOCKS4
156.67.107.79,5678,SOCKS4
45.116.157.236,4145,SOCKS4
177.72.115.65,31164,SOCKS4
103.105.54.101,3127,SOCKS4
5.45.103.133,3128,SOCKS4
5.178.204.235,2082,SOCKS4
38.52.160.250,999,SOCKS4
37.236.59.107,8080,SOCKS4
103.105.40.129,4145,SOCKS4
200.70.34.22,4153,SOCKS4
45.225.184.177,999,SOCKS4
114.231.46.87,8089,SOCKS4
216.249.239.196,8111,SOCKS4
217.145.94.196,4153,SOCKS4
117.54.114.102,80,SOCKS4
185.65.253.161,8081,SOCKS4
213.179.245.72,8181,SOCKS4
213.14.242.98,8111,TR,Turkey,Socks4,Anonymous,Yes,1 min ago
65.183.145.52,8111,US,United States,Socks4,Anonymous,Yes,1 min ago
104.34.49.251,8111,US,United States,Socks4,Anonymous,Yes,1 min ago
216.119.22.7,8111,US,United States,Socks4,Anonymous,Yes,1 min ago
207.138.217.252,8111,US,United States,Socks4,Anonymous,Yes,1 min ago
68.70.229.38,8111,US,United States,Socks4,Anonymous,Yes,1 min ago
103.84.131.14,4153,IN,India,Socks4,Anonymous,Yes,1 min ago
181.115.75.102,5678,HN,Honduras,Socks4,Anonymous,Yes,1 min ago
93.91.201.70,5678,IQ,Iraq,Socks4,Anonymous,Yes,1 min ago
179.107.54.72,4153,BR,Brazil,Socks4,Anonymous,Yes,1 min ago
182.75.30.6,5678,IN,India,Socks4,Anonymous,Yes,1 min ago
77.241.20.215,55915,RU,Russian Federation,Socks4,Anonymous,Yes,1 min ago
80.80.167.18,10801,XK,Kosovo,Socks4,Anonymous,Yes,1 min ago
93.153.95.186,39712,CZ,Czech Republic,Socks4,Anonymous,Yes,1 min ago
187.95.82.38,3629,BR,Brazil,Socks4,Anonymous,Yes,1 min ago
177.36.186.132,5678,BR,Brazil,Socks4,Anonymous,Yes,1 min ago
49.205.181.161,8111,IN,India,Socks4,Anonymous,Yes,1 min ago
118.70.120.182,8111,VN,Vietnam,Socks4,Anonymous,Yes,1 min ago
174.74.82.67,8111,US,United States,Socks4,Anonymous,Yes,1 min ago
170.81.140.79,61437,MX,Mexico,Socks4,Anonymous,Yes,1 min ago
202.55.175.237,1080,ID,Indonesia,Socks4,Anonymous,Yes,1 min ago
142.197.54.95,8111,US,United States,Socks4,Anonymous,Yes,1 min ago
73.93.243.116,8111,US,United States,Socks4,Anonymous,Yes,1 min ago
66.44.188.139,8111,US,United States,Socks4,Anonymous,Yes,1 min ago
116.118.98.26,5678,VN,Vietnam,Socks4,Anonymous,Yes,1 min ago
202.148.12.90,51302,ID,Indonesia,Socks4,Anonymous,Yes,1 min ago
36.95.235.18,3629,ID,Indonesia,Socks4,Anonymous,Yes,1 min ago
103.30.84.50,1080,ID,Indonesia,Socks4,Anonymous,Yes,1 min ago
212.3.105.11,4145,UA,Ukraine,Socks4,Anonymous,Yes,1 min ago
137.119.62.78,8111,US,United States,Socks4,Anonymous,Yes,1 min ago
78.140.195.66,3629,RU,Russian Federation,Socks4,Anonymous,Yes,1 min ago
185.49.170.20,33626,ES,Spain,Socks4,Anonymous,Yes,1 min ago
68.65.54.91,8111,US,United States,Socks4,Anonymous,Yes,1 min ago
182.23.108.162,4153,ID,Indonesia,Socks4,Anonymous,Yes,1 min ago
70.162.153.250,8111,US,United States,Socks4,Anonymous,Yes,1 min ago
76.10.72.224,8111,US,United States,Socks4,Anonymous,Yes,1 min ago
197.211.196.210,8111,ZW,Zimbabwe,Socks4,Anonymous,Yes,1 min ago
160.19.155.51,5678,SL,Sierra Leone,Socks4,Anonymous,Yes,1 min ago
91.211.177.250,3629,UA,Ukraine,Socks4,Anonymous,Yes,1 min ago
69.14.33.61,8111,US,United States,Socks4,Anonymous,Yes,1 min ago
76.77.201.233,8111,US,United States,Socks4,Anonymous,Yes,1 min ago
202.51.191.201,1088,BD,Bangladesh,Socks4,Anonymous,Yes,1 min ago
14.99.230.78,8111,IN,India,Socks4,Anonymous,Yes,1 min ago
36.66.192.35,38420,ID,Indonesia,Socks4,Anonymous,Yes,1 min ago
66.135.227.178,4145,US,United States,Socks4,Anonymous,Yes,1 min ago
176.58.20.226,4153,PL,Poland,Socks4,Anonymous,Yes,1 min ago
75.119.159.251,28210,DE,Germany,Socks4,Anonymous,Yes,1 min ago
163.123.241.194,8111,US,United States,Socks4,Anonymous,Yes,1 min ago
98.161.160.236,8111,US,United States,Socks4,Anonymous,Yes,1 min ago
59.124.1.183,8111,TW,Taiwan,Socks4,Anonymous,Yes,1 min ago
143.55.57.94,8111,US,United States,Socks4,Anonymous,Yes,1 min ago
1.226.220.6,8111,KR,South Korea,Socks4,Anonymous,Yes,1 min ago
96.95.32.129,8111,US,United States,Socks4,Anonymous,Yes,1 min ago
216.71.239.160,8111,US,United States,Socks4,Anonymous,Yes,1 min ago
109.167.134.253,44788,RU,Russian Federation,Socks4,Anonymous,Yes,1 min ago
43.153.99.33,1080,US,United States,Socks4,Anonymous,Yes,1 min ago
74.84.21.59,8111,US,United States,Socks4,Anonymous,Yes,1 min ago
37.192.118.80,1080,RU,Russian Federation,Socks4,Anonymous,Yes,1 min ago
124.41.228.210,8111,NP,Nepal,Socks4,Anonymous,Yes,1 min ago
66.38.88.23,8111,US,United States,Socks4,Anonymous,Yes,1 min ago
136.233.46.6,8111,IN,India,Socks4,Anonymous,Yes,1 min ago
208.38.224.74,8111,US,United States,Socks4,Anonymous,Yes,1 min ago
103.68.182.95,8009,HK,Hong Kong,Socks4,Anonymous,Yes,1 min ago
200.199.226.136,4153,BR,Brazil,Socks4,Anonymous,Yes,1 min ago
103.74.69.117,4153,IN,India,Socks4,Anonymous,Yes,1 min ago
109.166.207.162,3629,RO,Romania,Socks4,Anonymous,Yes,1 min ago
68.108.221.205,8111,US,United States,Socks4,Anonymous,Yes,1 min ago
36.67.14.5,5678,ID,Indonesia,Socks4,Anonymous,Yes,1 min ago
72.196.147.214,8111,US,United States,Socks4,Anonymous,Yes,1 min ago
197.248.151.210,8111,KE,Kenya,Socks4,Anonymous,Yes,1 min ago
103.68.3.114,4145,ID,Indonesia,Socks4,Anonymous,Yes,1 min ago
187.87.199.161,3629,BR,Brazil,Socks4,Anonymous,Yes,1 min ago
202.124.46.99,4145,KH,Cambodia,Socks4,Anonymous,Yes,1 min ago
154.113.69.126,5678,NG,Nigeria,Socks4,Anonymous,Yes,1 min ago
104.139.74.25,34368,US,United States,Socks4,Anonymous,Yes,1 min ago
170.233.117.249,4153,AR,Argentina,Socks4,Anonymous,Yes,1 min ago
41.184.212.3,4153,NG,Nigeria,Socks4,Anonymous,Yes,1 min ago
160.226.139.135,1080,ZA,South Africa,Socks4,Anonymous,Yes,1 min ago
202.166.206.59,5678,NP,Nepal,Socks4,Anonymous,Yes,1 min ago
118.174.209.76,4145,TH,Thailand,Socks4,Anonymous,Yes,1 min ago
121.66.198.76,4145,KR,South Korea,Socks4,Anonymous,Yes,1 min ago
38.125.89.158,34355,US,United States,Socks4,Anonymous,Yes,1 min ago
179.108.158.204,4145,BR,Brazil,Socks4,Anonymous,Yes,1 min ago
101.36.127.94,10478,HK,Hong Kong,Socks4,Anonymous,Yes,1 min ago
103.167.171.52,1080,ID,Indonesia,Socks4,Anonymous,Yes,1 min ago
78.189.161.254,8111,TR,Turkey,Socks4,Anonymous,Yes,1 min ago
98.168.199.135,8111,US,United States,Socks4,Anonymous,Yes,1 min ago
103.94.1.98,1080,ID,Indonesia,Socks4,Anonymous,Yes,1 min ago
202.164.52.246,8111,IN,India,Socks4,Anonymous,Yes,1 min ago
66.76.140.239,39593,US,United States,Socks4,Anonymous,Yes,1 min ago
173.248.31.9,8111,US,United States,Socks4,Anonymous,Yes,1 min ago
85.117.56.174,25777,GE,Georgia,Socks4,Anonymous,Yes,1 min ago
121.200.60.198,8010,BD,Bangladesh,Socks4,Anonymous,Yes,1 min ago
31.43.203.100,1080,RU,Russian Federation,Socks4,Anonymous,Yes,1 min ago
63.250.48.226,8111,CA,Canada,Socks4,Anonymous,Yes,1 min ago
165.232.98.39,7497,GB,United Kingdom,Socks4,Anonymous,Yes,1 min ago
181.143.144.162,8111,CO,Colombia,Socks4,Anonymous,Yes,1 min ago
172.98.161.155,21157,US,United States,Socks4,Anonymous,Yes,1 min ago
103.200.135.227,4145,MM,Myanmar,Socks4,Anonymous,Yes,1 min ago
78.188.88.62,8111,TR,Turkey,Socks4,Anonymous,Yes,1 min ago
201.217.51.9,4145,PY,Paraguay,Socks4,Anonymous,Yes,1 min ago
31.207.58.115,5678,US,United States,Socks4,Anonymous,Yes,1 min ago
118.99.90.130,4145,ID,Indonesia,Socks4,Anonymous,Yes,1 min ago
1.34.18.77,8111,TW,Taiwan,Socks4,Anonymous,Yes,1 min ago
212.72.149.234,4145,GE,Georgia,Socks4,Anonymous,Yes,1 min ago
85.105.103.157,8111,TR,Turkey,Socks4,Anonymous,Yes,1 min ago
152.69.229.244,13650,KR,South Korea,Socks4,Anonymous,Yes,1 min ago
72.46.201.90,8111,US,United States,Socks4,Anonymous,Yes,1 min ago
177.222.146.125,5678,BR,Brazil,Socks4,Anonymous,Yes,1 min ago
117.54.130.66,1089,ID,Indonesia,Socks4,Anonymous,Yes,1 min ago
175.139.243.89,8111,MY,Malaysia,Socks4,Anonymous,Yes,1 min ago
212.200.118.254,4153,RS,Serbia,Socks4,Anonymous,Yes,1 min ago
209.250.233.164,7497,DE,Germany,Socks4,Anonymous,Yes,1 min ago
38.94.34.232,19061,US,United States,Socks4,Anonymous,Yes,1 min ago
115.242.248.222,5678,IN,India,Socks4,Anonymous,Yes,1 min ago
181.209.106.190,1080,AR,Argentina,Socks4,Anonymous,Yes,1 min ago
203.23.49.150,5678,MN,Mongolia,Socks4,Anonymous,Yes,1 min ago
78.31.92.145,1080,PL,Poland,Socks4,Anonymous,Yes,1 min ago
178.49.215.7,1080,RU,Russian Federation,Socks4,Anonymous,Yes,1 min ago
66.42.18.140,8111,US,United States,Socks4,Anonymous,Yes,1 min ago
192.230.140.2,8111,US,United States,Socks4,Anonymous,Yes,1 min ago
154.79.242.178,10801,KE,Kenya,Socks4,Anonymous,Yes,1 min ago
65.117.215.101,8111,US,United States,Socks4,Anonymous,Yes,1 min ago
179.191.12.97,4153,BR,Brazil,Socks4,Anonymous,Yes,1 min ago
209.20.136.126,8111,US,United States,Socks4,Anonymous,Yes,1 min ago
66.44.131.32,8111,US,United States,Socks4,Anonymous,Yes,1 min ago
192.162.160.64,5678,RU,Russian Federation,Socks4,Anonymous,Yes,1 min ago
202.183.29.46,5678,ID,Indonesia,Socks4,Anonymous,Yes,1 min ago
43.250.81.157,34432,BD,Bangladesh,Socks4,Anonymous,Yes,1 min ago
78.188.203.159,8111,TR,Turkey,Socks4,Anonymous,Yes,1 min ago
78.186.162.60,8111,TR,Turkey,Socks4,Anonymous,Yes,1 min ago
103.225.125.161,4153,IN,India,Socks4,Anonymous,Yes,1 min ago
183.89.58.160,5678,TH,Thailand,Socks4,Anonymous,Yes,1 min ago
43.248.25.6,4145,ID,Indonesia,Socks4,Anonymous,Yes,1 min ago
109.94.182.9,4145,RU,Russian Federation,Socks4,Anonymous,Yes,1 min ago
70.44.249.88,8111,US,United States,Socks4,Anonymous,Yes,1 min ago
177.93.76.6,4145,BR,Brazil,Socks4,Anonymous,Yes,1 min ago
88.255.64.87,1080,TR,Turkey,Socks4,Anonymous,Yes,1 min ago
207.230.114.237,60653,US,United States,Socks4,Anonymous,Yes,1 min ago
76.188.232.77,8111,US,United States,Socks4,Anonymous,Yes,1 min ago
88.199.82.68,54194,PL,Poland,Socks4,Anonymous,Yes,1 min ago
76.76.196.122,8111,PR,Puerto Rico,Socks4,Anonymous,Yes,1 min ago
88.249.167.122,8111,TR,Turkey,Socks4,Anonymous,Yes,1 min ago
202.183.18.66,5678,ID,Indonesia,Socks4,Anonymous,Yes,1 min ago
213.230.111.76,4145,UZ,Uzbekistan,Socks4,Anonymous,Yes,1 min ago
77.225.198.220,4673,ES,Spain,Socks4,Anonymous,Yes,1 min ago
181.209.98.218,1080,AR,Argentina,Socks4,Anonymous,Yes,1 min ago
189.2.86.163,4153,BR,Brazil,Socks4,Anonymous,Yes,1 min ago
185.83.252.11,59311,MK,Macedonia,Socks4,Anonymous,Yes,1 min ago
216.119.35.124,8111,US,United States,Socks4,Anonymous,Yes,1 min ago
185.18.72.249,4153,AM,Armenia,Socks4,Anonymous,Yes,1 min ago
66.44.187.147,8111,US,United States,Socks4,Anonymous,Yes,1 min ago
103.254.94.154,5678,BD,Bangladesh,Socks4,Anonymous,Yes,1 min ago
105.234.154.192,4145,MW,Malawi,Socks4,Anonymous,Yes,1 min ago
201.63.216.106,1080,BR,Brazil,Socks4,Anonymous,Yes,1 min ago
65.255.65.158,8111,US,United States,Socks4,Anonymous,Yes,1 min ago
78.186.152.70,8111,TR,Turkey,Socks4,Anonymous,Yes,1 min ago
68.225.201.141,8111,US,United States,Socks4,Anonymous,Yes,1 min ago
202.43.73.121,4145,ID,Indonesia,Socks4,Anonymous,Yes,1 min ago
5.44.254.40,4145,PS,Palestinian Territory,Socks4,Anonymous,Yes,1 min ago
137.119.119.194,8111,US,United States,Socks4,Anonymous,Yes,1 min ago
38.91.107.220,36643,US,United States,Socks4,Anonymous,Yes,1 min ago
162.212.139.83,8111,US,United States,Socks4,Anonymous,Yes,1 min ago
12.104.240.241,8111,US,United States,Socks4,Anonymous,Yes,1 min ago
202.163.127.244,5678,PK,Pakistan,Socks4,Anonymous,Yes,1 min ago
106.245.183.58,4145,KR,South Korea,Socks4,Anonymous,Yes,1 min ago
70.175.62.57,8111,US,United States,Socks4,Anonymous,Yes,1 min ago
103.127.38.46,1080,PK,Pakistan,Socks4,Anonymous,Yes,1 min ago
190.4.204.163,4145,CL,Chile,Socks4,Anonymous,Yes,1 min ago
186.225.255.2,4153,BR,Brazil,Socks4,Anonymous,Yes,1 min ago
110.235.250.155,1080,KH,Cambodia,Socks4,Anonymous,Yes,1 min ago
31.43.63.70,4145,UA,Ukraine,Socks4,Anonymous,Yes,1 min ago
110.77.180.27,4145,TH,Thailand,Socks4,Anonymous,Yes,1 min ago
102.219.208.158,5678,KE,Kenya,Socks4,Anonymous,Yes,1 min ago
83.234.14.198,4145,RU,Russian Federation,Socks4,Anonymous,Yes,1 min ago
183.82.110.79,8111,IN,India,Socks4,Anonymous,Yes,1 min ago
200.8.185.126,4145,VE,Venezuela,Socks4,Anonymous,Yes,1 min ago
161.97.198.130,8111,US,United States,Socks4,Anonymous,Yes,1 min ago
116.58.232.68,4145,TH,Thailand,Socks4,Anonymous,Yes,1 min ago
183.89.185.168,5678,TH,Thailand,Socks4,Anonymous,Yes,1 min ago
24.246.212.104,8111,US,United States,Socks4,Anonymous,Yes,1 min ago
185.139.56.133,4145,GE,Georgia,Socks4,Anonymous,Yes,1 min ago
173.248.21.115,8111,US,United States,Socks4,Anonymous,Yes,1 min ago
103.95.97.50,4153,BD,Bangladesh,Socks4,Anonymous,Yes,1 min ago
38.125.89.52,32755,US,United States,Socks4,Anonymous,Yes,1 min ago
196.61.44.54,5678,GH,Ghana,Socks4,Anonymous,Yes,1 min ago
103.155.166.249,1080,ID,Indonesia,Socks4,Anonymous,Yes,1 min ago
209.143.31.141,8111,US,United States,Socks4,Anonymous,Yes,1 min ago
103.15.245.238,4153,BD,Bangladesh,Socks4,Anonymous,Yes,1 min ago
180.250.159.49,4153,ID,Indonesia,Socks4,Anonymous,Yes,1 min ago
117.2.155.82,8111,VN,Vietnam,Socks4,Anonymous,Yes,1 min ago
67.222.124.146,8111,US,United States,Socks4,Anonymous,Yes,1 min ago
36.89.10.51,44268,ID,Indonesia,Socks4,Anonymous,Yes,1 min ago
177.125.227.86,4145,BR,Brazil,Socks4,Anonymous,Yes,1 min ago
209.20.136.194,8111,US,United States,Socks4,Anonymous,Yes,1 min ago
95.217.162.240,10801,FI,Finland,Socks4,Anonymous,Yes,1 min ago
45.236.100.129,1080,AR,Argentina,Socks4,Anonymous,Yes,1 min ago
185.117.244.136,9050,RU,Russian Federation,Socks4,Anonymous,Yes,5 mins ago
173.248.1.217,8111,US,United States,Socks4,Anonymous,Yes,5 mins ago
104.203.205.250,8111,US,United States,Socks4,Anonymous,Yes,5 mins ago
177.105.68.240,4153,BR,Brazil,Socks4,Anonymous,Yes,5 mins ago
66.254.171.167,1080,US,United States,Socks4,Anonymous,Yes,5 mins ago
95.9.118.159,8111,TR,Turkey,Socks4,Anonymous,Yes,5 mins ago
47.243.9.243,51080,HK,Hong Kong,Socks4,Anonymous,Yes,5 mins ago
102.66.228.113,5678,ZA,South Africa,Socks4,Anonymous,Yes,5 mins ago
85.100.123.180,8111,TR,Turkey,Socks4,Anonymous,Yes,5 mins ago
137.119.119.15,8111,US,United States,Socks4,Anonymous,Yes,5 mins ago
89.58.45.94,46493,DE,Germany,Socks4,Anonymous,Yes,5 mins ago
119.82.226.232,7497,ID,Indonesia,Socks4,Anonymous,Yes,5 mins ago
125.26.22.113,5678,TH,Thailand,Socks4,Anonymous,Yes,5 mins ago
209.20.136.54,8111,US,United States,Socks4,Anonymous,Yes,5 mins ago
137.118.136.213,8111,US,United States,Socks4,Anonymous,Yes,5 mins ago
63.250.48.189,8111,CA,Canada,Socks4,Anonymous,Yes,5 mins ago
38.27.141.141,8111,US,United States,Socks4,Anonymous,Yes,5 mins ago
209.213.23.231,8111,US,United States,Socks4,Anonymous,Yes,5 mins ago
69.26.30.85,8111,US,United States,Socks4,Anonymous,Yes,5 mins ago
72.46.37.64,8111,US,United States,Socks4,Anonymous,Yes,5 mins ago
38.2.20.57,8111,US,United States,Socks4,Anonymous,Yes,5 mins ago
104.203.166.127,8111,US,United States,Socks4,Anonymous,Yes,5 mins ago
202.29.234.42,7497,TH,Thailand,Socks4,Anonymous,Yes,5 mins ago
64.18.113.119,8111,US,United States,Socks4,Anonymous,Yes,5 mins ago
216.249.229.75,8111,US,United States,Socks4,Anonymous,Yes,5 mins ago
212.103.119.24,1080,RU,Russian Federation,Socks4,Anonymous,Yes,5 mins ago
37.193.233.97,1080,RU,Russian Federation,Socks4,Anonymous,Yes,5 mins ago
194.38.3.242,5678,RU,Russian Federation,Socks4,Anonymous,Yes,5 mins ago
104.36.133.143,8111,US,United States,Socks4,Anonymous,Yes,5 mins ago
103.169.159.121,1088,BD,Bangladesh,Socks4,Anonymous,Yes,5 mins ago
80.92.224.141,5678,UA,Ukraine,Socks4,Anonymous,Yes,5 mins ago
54.38.163.25,5678,FR,France,Socks4,Anonymous,Yes,5 mins ago
103.87.24.34,5678,IN,India,Socks4,Anonymous,Yes,5 mins ago
104.203.169.50,8111,US,United States,Socks4,Anonymous,Yes,5 mins ago
185.6.10.3,17460,SE,Sweden,Socks4,Anonymous,Yes,5 mins ago
217.27.149.190,4153,UA,Ukraine,Socks4,Anonymous,Yes,5 mins ago
43.240.102.65,56789,BD,Bangladesh,Socks4,Anonymous,Yes,5 mins ago
103.162.196.122,5678,IN,India,Socks4,Anonymous,Yes,5 mins ago
119.46.2.246,4145,TH,Thailand,Socks4,Anonymous,Yes,5 mins ago
194.195.216.153,4153,US,United States,Socks4,Anonymous,Yes,5 mins ago
167.172.138.43,14720,US,United States,Socks4,Anonymous,Yes,5 mins ago
170.84.50.225,4153,BR,Brazil,Socks4,Anonymous,Yes,5 mins ago
216.255.35.184,8111,US,United States,Socks4,Anonymous,Yes,5 mins ago
69.27.14.141,28698,US,United States,Socks4,Anonymous,Yes,5 mins ago
134.236.118.158,4145,TH,Thailand,Socks4,Anonymous,Yes,5 mins ago
23.88.121.205,33739,DE,Germany,Socks4,Anonymous,Yes,5 mins ago
164.92.67.143,10003,US,United States,Socks4,Anonymous,Yes,5 mins ago
38.101.202.38,8111,US,United States,Socks4,Anonymous,Yes,5 mins ago
67.231.32.145,8111,US,United States,Socks4,Anonymous,Yes,5 mins ago
70.188.218.20,8111,US,United States,Socks4,Anonymous,Yes,5 mins ago
185.215.160.27,5678,KZ,Kazakhstan,Socks4,Anonymous,Yes,5 mins ago
69.30.250.186,19213,US,United States,Socks4,Anonymous,Yes,5 mins ago
154.79.254.88,5678,KE,Kenya,Socks4,Anonymous,Yes,5 mins ago
186.211.105.202,43573,BR,Brazil,Socks4,Anonymous,Yes,5 mins ago
45.33.211.7,8111,US,United States,Socks4,Anonymous,Yes,5 mins ago
46.35.115.2,8111,ES,Spain,Socks4,Anonymous,Yes,5 mins ago
73.210.25.138,8111,US,United States,Socks4,Anonymous,Yes,5 mins ago
103.138.4.114,4145,IN,India,Socks4,Anonymous,Yes,5 mins ago
147.139.133.146,8080,ID,Indonesia,Socks4,Anonymous,Yes,5 mins ago
176.235.166.217,8111,TR,Turkey,Socks4,Anonymous,Yes,5 mins ago
162.0.220.218,40568,US,United States,Socks4,Anonymous,Yes,5 mins ago
159.192.145.153,5678,TH,Thailand,Socks4,Anonymous,Yes,5 mins ago
88.87.171.249,8111,IE,Ireland,Socks4,Anonymous,Yes,5 mins ago
207.5.15.162,8111,US,United States,Socks4,Anonymous,Yes,5 mins ago
186.251.255.65,31337,BR,Brazil,Socks4,Anonymous,Yes,5 mins ago
104.203.177.121,8111,US,United States,Socks4,Anonymous,Yes,5 mins ago
